date,nav
2000-02-01,0.999
2000-02-02,0.9622310382337308
2000-02-03,0.9685025905196892
2000-02-04,1.0098925606603169
2000-02-07,1.0057297901879474
2000-02-08,0.9975841957888315
2000-02-09,0.9498565894091259
2000-02-10,0.9775995160915971
2000-02-11,0.9657001219493406
2000-02-14,0.9559178161189631
2000-02-15,0.9934833884613653
2000-02-16,1.0022535680098372
2000-02-17,0.9710075105723514
2000-02-18,0.9706274859531461
2000-02-21,0.9118777797776441
2000-02-22,0.8572292376811598
2000-02-23,0.8198396308008198
2000-02-24,0.8632991303494465
2000-02-25,0.9301933844170003
2000-02-28,0.9278738172920971
2000-02-29,0.9539257400307447
2000-03-01,0.9965659600315697
2000-03-02,1.003727617747976
2000-03-03,1.0001961282480196
2000-03-06,1.004852646671233
2000-03-07,1.042939871174755
2000-03-08,1.0803330817278232
2000-03-09,1.128415188156383
2000-03-10,1.0838038777576338
2000-03-13,1.0838038777576338
2000-03-14,1.0838038777576338
2000-03-15,1.0838038777576338
2000-03-16,1.0838038777576338
2000-03-17,1.0838038777576338
2000-03-20,1.0873625785975172
2000-03-21,1.106874765476929
2000-03-22,1.0941622996604943
2000-03-23,1.1145930899422016
2000-03-24,1.1049499306003892
2000-03-27,1.1084620037135078
2000-03-28,1.0985308626248589
2000-03-29,1.0883181908242914
2000-03-30,1.0058663559041154
2000-03-31,1.016454835430797
2000-04-03,1.0204651797082795
2000-04-04,1.039186753545447
2000-04-05,1.0027675932373459
2000-04-06,1.078693916960027
2000-04-07,1.0776505657446338
2000-04-10,1.0613527747558913
2000-04-11,1.0472127970138048
2000-04-12,1.035910793520989
2000-04-13,1.081333251725319
2000-04-14,1.1010787538027034
2000-04-17,1.0572618242424499
2000-04-18,1.0379023495764177
2000-04-19,1.0607255153955057
2000-04-20,1.0785022671465152
2000-04-21,1.0904989407636712
2000-04-24,1.0839112468961152
2000-04-25,1.1434912340777499
2000-04-26,1.17309677098551
2000-04-27,1.1635898075864077
2000-04-28,1.2164445343692158
2000-05-01,1.2453678737914309
2000-05-02,1.2795834712011276
2000-05-03,1.2658036318536912
2000-05-04,1.188760276538332
2000-05-05,1.1843146323340672
2000-05-08,1.131153546109131
2000-05-09,1.1734261337002858
2000-05-10,1.1723017899346109
2000-05-11,1.1763089829559252
2000-05-12,1.1637120166358665
2000-05-15,1.1150282898936072
2000-05-16,1.146835455201336
2000-05-17,1.1057109987049747
2000-05-18,1.0801558906796829
2000-05-19,1.0801558906796829
2000-05-22,1.0568615972240964
2000-05-23,1.0207389439409815
2000-05-24,1.0629407860057367
2000-05-25,1.0884168481217296
2000-05-26,1.067874103452736
2000-05-29,1.0751263822352053
2000-05-30,1.067090934584058
2000-05-31,1.078120952812475
2000-06-01,1.1133289992064233
2000-06-02,1.0839668959161923
2000-06-05,1.0792775420438934
2000-06-06,1.0858684305405013
2000-06-07,1.0684342923795758
2000-06-08,1.0854176708204946
2000-06-09,1.0754287042479649
2000-06-12,1.0514579287146568
2000-06-13,1.0370316937081587
2000-06-14,1.025703091164504
2000-06-15,1.0169337567663659
2000-06-16,0.9751332752059337
2000-06-19,0.9843138376220846
2000-06-20,1.0023057456520177
2000-06-21,0.9922103880593087
2000-06-22,1.0009924921242603
2000-06-23,0.9977470090331533
2000-06-26,0.9901779916367695
2000-06-27,1.0049557235062505
2000-06-28,0.9932488144311895
2000-06-29,0.9702993015333461
2000-06-30,0.9744902243073005
2000-07-03,0.9682138553234945
2000-07-04,0.9573321068293945
2000-07-05,0.995014713811901
2000-07-06,0.9674391251103315
2000-07-07,0.9699208921499658
2000-07-10,1.0050467322385797
2000-07-11,0.9559565182118089
2000-07-12,0.9544871901716536
2000-07-13,0.9290831881030798
2000-07-14,0.9468193751883192
2000-07-17,0.9137480450976276
2000-07-18,0.9214447082711287
2000-07-19,0.9609024415069168
2000-07-20,0.9520395933809798
2000-07-21,0.9770345046657144
2000-07-24,0.9946616505635185
2000-07-25,1.012902715089472
2000-07-26,0.9946233128708007
2000-07-27,0.9902853264579606
2000-07-28,1.022129498504895
2000-07-31,1.0176380681380606
2000-08-01,1.040009068753214
2000-08-02,1.0699050235049676
2000-08-03,1.075030705736264
2000-08-04,1.056627412779301
2000-08-07,1.0405721649581299
2000-08-08,1.0356541107328594
2000-08-09,1.0398958228326711
2000-08-10,1.0485191898219048
2000-08-11,1.0861432129527941
2000-08-14,1.122333444875888
2000-08-15,1.1007997021808456
2000-08-16,1.110725459200295
2000-08-17,1.1361197250081232
2000-08-18,1.1559632371835022
2000-08-21,1.1420864504493573
2000-08-22,1.1301664397080988
2000-08-23,1.150839748488744
2000-08-24,1.153682883671311
2000-08-25,1.1461582719662542
2000-08-28,1.1520200583851847
2000-08-29,1.1645423043642846
2000-08-30,1.1645423043642846
2000-08-31,1.146305751783468
2000-09-01,1.149023975815346
2000-09-04,1.1399568741135835
2000-09-05,1.1756716157946365
2000-09-06,1.1772482199268473
2000-09-07,1.1391767890408342
2000-09-08,1.1526797580592452
2000-09-11,1.0969591720303584
2000-09-12,1.097962177563064
2000-09-13,1.0995444517007098
2000-09-14,1.080167499259866
2000-09-15,1.0661474855823445
2000-09-18,1.0103848094294974
2000-09-19,0.9539774509877551
2000-09-20,1.023468668746679
2000-09-21,1.0262622209954915
2000-09-22,1.0179753927281432
2000-09-25,1.0573644577699453
2000-09-26,1.057053886297574
2000-09-27,1.0338781355005673
2000-09-28,1.0400814980929862
2000-09-29,1.0535049878464418
2000-09-30,1.0535049878464418
2000-10-02,1.0562292139341205
2000-10-03,1.0738626462708711
2000-10-04,1.0985400036038029
2000-10-05,1.1102147644018647
2000-10-06,1.1591897543327392
2000-10-09,1.1475677517923413
2000-10-10,1.2141996083775244
2000-10-11,1.1981012966753717
2000-10-12,1.2275143479061479
2000-10-13,1.2110902312178178
2000-10-16,1.280459455841727
2000-10-17,1.2904058056033547
2000-10-18,1.2915548546165319
2000-10-19,1.3047275456140266
2000-10-20,1.3173603794462296
2000-10-23,1.2902851707832694
2000-10-24,1.3196184082184739
2000-10-25,1.305207718675951
2000-10-26,1.3187806711166912
2000-10-27,1.2929942872592823
2000-10-30,1.2881464721805151
2000-10-31,1.3143896330390048
2000-11-01,1.3589214490393389
2000-11-02,1.3712687031803625
2000-11-03,1.3962802559229532
2000-11-06,1.3886327469604447
2000-11-07,1.3887475784776748
2000-11-08,1.3312645407696682
2000-11-09,1.3449978763076416
2000-11-10,1.3688889781370566
2000-11-13,1.316800726077269
2000-11-14,1.3098070479081558
2000-11-15,1.3053616097348832
2000-11-16,1.2720987543176276
2000-11-17,1.246447688544277
2000-11-20,1.164873724490434
2000-11-21,1.1027146672852959
2000-11-22,1.1117280604284552
2000-11-23,1.0875998255819368
2000-11-24,1.0558517452121023
2000-11-27,1.039840361992922
2000-11-28,0.9385470000418638
2000-11-29,0.9584991904404664
2000-11-30,0.8777479749750459
2000-12-01,0.7990412329676031
2000-12-04,0.7096433768350211
2000-12-05,0.9057246768464274
2000-12-06,1.0507379856267403
2000-12-07,0.9435767844343166
2000-12-08,0.9654159922779028
2000-12-11,0.961619669847394
2000-12-12,0.9549494789542362
2000-12-13,0.9010550280148747
2000-12-14,0.9349202020268047
2000-12-15,0.9313056472421268
2000-12-18,0.9044348958228154
2000-12-19,0.9098651897186282
2000-12-20,0.9064500805777403
2000-12-21,0.9065779497113642
2000-12-22,0.9222873494745705
2000-12-25,0.9222873494745705
2000-12-26,0.9206272322455162
2000-12-27,0.9206272322455162
2000-12-28,0.9206272322455162
2000-12-29,0.9206272322455162
2000-12-31,0.9206272322455162
2001-01-01,0.9206272322455162
2001-01-02,0.9150097480246369
2001-01-03,0.8859111776645786
2001-01-04,0.9890804943129974
2001-01-05,0.9801451476504837
2001-01-08,1.0300197572634027
2001-01-09,1.0549558677878632
2001-01-10,1.1041372500873088
2001-01-11,1.0905269748708837
2001-01-12,1.0490579422345663
2001-01-15,1.0035534054793465
2001-01-16,1.0122225072390312
2001-01-17,1.0654816075717715
2001-01-18,1.0402894140918235
2001-01-19,1.0958288427749243
2001-01-22,1.0601728278214129
2001-01-23,1.0374041665269662
2001-01-24,1.0285249107323657
2001-01-25,1.0495621773851165
2001-01-26,1.0283666423319733
2001-01-29,1.0004505488668647
2001-01-30,0.9817019391107759
2001-01-31,0.9904822017636847
2001-02-01,0.9949786952347077
2001-02-02,0.9861201561541125
2001-02-05,0.9260527232352768
2001-02-06,0.9491334871176328
2001-02-07,0.9126159613950203
2001-02-08,0.9066077383542731
2001-02-09,0.889963356438395
2001-02-12,0.844395594091546
2001-02-13,0.87831896045327
2001-02-14,0.9360835873950843
2001-02-15,0.9172004587458438
2001-02-16,0.9718893162993043
2001-02-19,0.8297539506531014
2001-02-20,0.836251746736926
2001-02-21,0.6874604158583739
2001-02-22,0.7436038762630596
2001-02-23,0.7769115314014182
2001-02-26,0.8376563999236838
2001-02-27,0.8023931477110959
2001-02-28,0.8220661170238348
2001-03-01,0.8789265730148986
2001-03-02,0.9077683910461517
2001-03-05,0.9077683910461517
2001-03-06,0.9077683910461517
2001-03-07,0.9077683910461517
2001-03-08,0.9077683910461517
2001-03-09,0.9077683910461517
2001-03-12,0.8591986244463969
2001-03-13,0.8609382358790802
2001-03-14,0.8436787188951037
2001-03-15,0.8727036523649979
2001-03-16,0.9064969060940405
2001-03-19,0.8874319118466221
2001-03-20,0.9227085796886652
2001-03-21,0.9047625927986891
2001-03-22,0.8876054750422173
2001-03-23,0.9012619713503007
2001-03-26,0.8793008764264477
2001-03-27,0.8396116519810326
2001-03-28,0.8225287667772092
2001-03-29,0.7898146040500866
2001-03-30,0.8694741544151411
2001-03-31,0.8694741544151411
2001-04-02,0.8634764092029488
2001-04-03,0.8667608264057255
2001-04-04,0.8652852733201579
2001-04-05,0.911474581742435
2001-04-06,0.8863887827641159
2001-04-09,0.8879082581676034
2001-04-10,0.8834166787018332
2001-04-11,0.9268681306346295
2001-04-12,0.9563428032254115
2001-04-13,0.960854960967518
2001-04-16,1.0065979335414776
2001-04-17,0.9875698880138215
2001-04-18,0.9981153204909423
2001-04-19,1.0383773502886926
2001-04-20,1.0649748027150705
2001-04-23,1.0649748027150705
2001-04-24,1.117219219045682
2001-04-25,1.1108117500642287
2001-04-26,1.1812140154484572
2001-04-27,1.295091317694059
2001-04-30,1.3176276867775576
2001-05-01,1.30769548612601
2001-05-02,1.293590099884869
2001-05-03,1.378713361202687
2001-05-04,1.3544571723091587
2001-05-07,1.3316852504246888
2001-05-08,1.370104132501127
2001-05-09,1.336813163225571
2001-05-10,1.2948654710449796
2001-05-11,1.2559003558224535
2001-05-14,1.2722997581771136
2001-05-15,1.250996338099449
2001-05-16,1.3189349807523525
2001-05-17,1.3289240988723516
2001-05-18,1.3623769805402577
2001-05-21,1.3463829396236562
2001-05-22,1.351788559991578
2001-05-23,1.287028162283445
2001-05-24,1.2728260188649108
2001-05-25,1.3087995015177092
2001-05-28,1.2368089070338837
2001-05-29,1.2030129298389056
2001-05-30,1.1616189701502797
2001-05-31,1.1845831690957285
2001-06-01,1.2205005886770466
2001-06-04,1.2622143116940756
2001-06-05,1.2244006719538003
2001-06-06,1.2842523082017103
2001-06-07,1.2945844011927994
2001-06-08,1.2787379355158177
2001-06-11,1.234190592187562
2001-06-12,1.2149939709616675
2001-06-13,1.208313100864285
2001-06-14,1.278497406382812
2001-06-15,1.264042257751228
2001-06-18,1.195759246058485
2001-06-19,1.1802532402947816
2001-06-20,1.1819654214836024
2001-06-21,1.1837745522307712
2001-06-22,1.201729163280524
2001-06-25,1.162653842602572
2001-06-26,1.1927343259032395
2001-06-27,1.2112795145998199
2001-06-28,1.2030169133660595
2001-06-29,1.2335656646616016
2001-06-30,1.2335656646616016
2001-07-02,1.2561756742538766
2001-07-03,1.2197571878270255
2001-07-04,1.2090952654394884
2001-07-05,1.222572581828227
2001-07-06,1.1383868462818196
2001-07-09,1.14182589495811
2001-07-10,1.0948719752223663
2001-07-11,1.003863911773295
2001-07-12,1.0547472563018634
2001-07-13,1.0435571491837379
2001-07-16,1.0267082364655908
2001-07-17,0.9794905591088682
2001-07-18,1.023320540008077
2001-07-19,1.0928657188054949
2001-07-20,1.1043510374441123
2001-07-23,1.180916186608498
2001-07-24,1.2255477995716253
2001-07-25,1.1689630529555002
2001-07-26,1.2104125635884582
2001-07-27,1.2023724384623216
2001-07-30,1.23815095259063
2001-07-31,1.2394065890593344
2001-08-01,1.2625703981976244
2001-08-02,1.2690465564185118
2001-08-03,1.2764479170343015
2001-08-06,1.253110157914821
2001-08-07,1.26078540666874
2001-08-08,1.2425268491918076
2001-08-09,1.2288936112992845
2001-08-10,1.2259499623461925
2001-08-13,1.2208841388318572
2001-08-14,1.208787316513718
2001-08-15,1.2565547689935987
2001-08-16,1.3321811933730257
2001-08-17,1.3484104291221277
2001-08-20,1.3648582185103872
2001-08-21,1.3820303501961817
2001-08-22,1.371328679300122
2001-08-23,1.4160053251900304
2001-08-24,1.4252675070146479
2001-08-27,1.4479649212768066
2001-08-28,1.4375120956879563
2001-08-29,1.389626656650095
2001-08-30,1.389626656650095
2001-08-31,1.3914047371986857
2001-09-03,1.3642161756556264
2001-09-04,1.336966635890977
2001-09-05,1.369132970369173
2001-09-06,1.431271317626074
2001-09-07,1.391515148108393
2001-09-10,1.3738659055194034
2001-09-11,1.3767519332587883
2001-09-12,1.3767519332587883
2001-09-13,1.201978284982559
2001-09-14,1.0926352067609588
2001-09-17,1.0337149714765161
2001-09-18,1.041200098644829
2001-09-19,1.0938157078387802
2001-09-20,1.0463378245049926
2001-09-21,0.9874165968555217
2001-09-24,1.0274976576435595
2001-09-25,1.0479039395609582
2001-09-26,1.0366619866366578
2001-09-27,1.0190648732905225
2001-09-28,1.051816384004618
2001-09-30,1.051816384004618
2001-10-01,1.0707061512873364
2001-10-02,1.077174973832646
2001-10-03,1.048776359315131
2001-10-04,1.0730963052906481
2001-10-05,1.0494518360973009
2001-10-08,1.0403594974399288
2001-10-09,1.0658125126750913
2001-10-10,1.1365568801653698
2001-10-11,1.1917863397849384
2001-10-12,1.1812656152020837
2001-10-15,1.1989388020224767
2001-10-16,1.2196586158852483
2001-10-17,1.2568994112155802
2001-10-18,1.2420946572151406
2001-10-19,1.2548533902880052
2001-10-22,1.3495058053925466
2001-10-23,1.3664619289838438
2001-10-24,1.3698852956109093
2001-10-25,1.3177375835664735
2001-10-26,1.3862071502507045
2001-10-29,1.3862071502507045
2001-10-30,1.4390571472437577
2001-10-31,1.4441492122862072
2001-11-01,1.4511154320652668
2001-11-02,1.4901939968542912
2001-11-05,1.5238447072770285
2001-11-06,1.5622331616870724
2001-11-07,1.574689683382892
2001-11-08,1.620969748845532
2001-11-09,1.566875498690502
2001-11-12,1.592582124170083
2001-11-13,1.564485653065852
2001-11-14,1.619644911739012
2001-11-15,1.6656897325401996
2001-11-16,1.651630106393734
2001-11-19,1.7558646801728752
2001-11-20,1.7269000375159338
2001-11-21,1.6954311227010712
2001-11-22,1.6922361121922387
2001-11-23,1.6734094549880631
2001-11-26,1.7200378473187867
2001-11-27,1.6540181442267583
2001-11-28,1.576680502593884
2001-11-29,1.5288367248866181
2001-11-30,1.6059637873814643
2001-12-03,1.6152811170820018
2001-12-04,1.585354465773442
2001-12-05,1.646628917179831
2001-12-06,1.751638271003918
2001-12-07,1.7527830616159439
2001-12-10,1.769018470355529
2001-12-11,1.7409154401560165
2001-12-12,1.7734854621308611
2001-12-13,1.756890617219861
2001-12-14,1.764798180209151
2001-12-17,1.764798180209151
2001-12-18,1.764798180209151
2001-12-19,1.747498214536395
2001-12-20,1.7376821249840202
2001-12-21,1.7389046661541687
2001-12-24,1.7423016713145476
2001-12-25,1.7648465979029313
2001-12-26,1.7735053999380952
2001-12-27,1.8091103629183074
2001-12-28,1.8328858439868803
2001-12-31,1.8328858439868803
2002-01-01,1.8292200722989065
2002-01-02,1.8840021645175238
2002-01-03,1.9220432762441018
2002-01-04,1.9220432762441018
2002-01-07,1.9701494310937564
2002-01-08,1.9732570644549337
2002-01-09,1.852687926418792
2002-01-10,1.8380999972215557
2002-01-11,1.8205212979568943
2002-01-14,1.8530921084500658
2002-01-15,1.8035016839929654
2002-01-16,1.7666350156641377
2002-01-17,1.8026504119457145
2002-01-18,1.813246213330145
2002-01-21,1.7714939427890644
2002-01-22,1.7777539523304853
2002-01-23,1.7946426563940971
2002-01-24,1.8099530651717148
2002-01-25,1.805480163971262
2002-01-28,1.791472426870313
2002-01-29,1.775150440992852
2002-01-30,1.767863288115213
2002-01-31,1.841669476071964
2002-02-01,1.8504820721449082
2002-02-04,1.8047789333498627
2002-02-05,1.7452450526533874
2002-02-06,1.7321337780577317
2002-02-07,1.6947200198268302
2002-02-08,1.6135505427038408
2002-02-11,1.6496829286624113
2002-02-12,1.6501769603400198
2002-02-13,1.679211647181566
2002-02-14,1.7000113928800595
2002-02-15,1.6837546196538287
2002-02-18,1.6419100107680504
2002-02-19,1.6457385933684179
2002-02-20,1.5846594971425279
2002-02-21,1.5920944342292842
2002-02-22,1.5920944342292842
2002-02-25,1.5920944342292842
2002-02-26,1.5447520545414664
2002-02-27,1.5430115007539131
2002-02-28,1.5172550509977312
2002-03-01,1.5797663874804462
2002-03-04,1.5867016343941012
2002-03-05,1.550484642469706
2002-03-06,1.5533588772192217
2002-03-07,1.568188060824624
2002-03-08,1.5712086958431946
2002-03-11,1.5166976237660375
2002-03-12,1.4461351614795825
2002-03-13,1.390051348300248
2002-03-14,1.3821510564645847
2002-03-15,1.4081318869692658
2002-03-18,1.4187339182272156
2002-03-19,1.4231763427503317
2002-03-20,1.4255676457429611
2002-03-21,1.4890439091889052
2002-03-22,1.5075025961450532
2002-03-25,1.5281355779913002
2002-03-26,1.501353302006792
2002-03-27,1.5173007392324114
2002-03-28,1.5027993703032425
2002-03-29,1.4793704347051158
2002-03-31,1.4793704347051158
2002-04-01,1.4727061601611753
2002-04-02,1.4729347549856653
2002-04-03,1.4204789118531562
2002-04-04,1.4684199389394625
2002-04-05,1.4891743472317376
2002-04-08,1.436051766972237
2002-04-09,1.478142803177233
2002-04-10,1.4835552581194802
2002-04-11,1.5086653466290296
2002-04-12,1.518577262566029
2002-04-15,1.5413798218290953
2002-04-16,1.5204381432655207
2002-04-17,1.5088691283603262
2002-04-18,1.4860510383452439
2002-04-19,1.4857013880660122
2002-04-22,1.476857927422762
2002-04-23,1.476857927422762
2002-04-24,1.4771772966311107
2002-04-25,1.4929620546852702
2002-04-26,1.5464182992050144
2002-04-29,1.5307520195107076
2002-04-30,1.536581957010016
2002-05-01,1.5259227131320876
2002-05-02,1.5042002617337324
2002-05-03,1.522525683866071
2002-05-06,1.497274390434185
2002-05-07,1.5184556646492773
2002-05-08,1.5438137164172132
2002-05-09,1.5263046623808414
2002-05-10,1.5076740408404152
2002-05-13,1.5070243170306095
2002-05-14,1.5050269266762306
2002-05-15,1.4966052849794191
2002-05-16,1.4752246202542298
2002-05-17,1.4025596748229368
2002-05-20,1.4241981293655175
2002-05-21,1.4672101450826704
2002-05-22,1.4436974733694365
2002-05-23,1.492891842430963
2002-05-24,1.4963612707360399
2002-05-27,1.5207217541808786
2002-05-28,1.4938941434071862
2002-05-29,1.4837217793296953
2002-05-30,1.4494454851358105
2002-05-31,1.4412067861719597
2002-06-03,1.4158442160937992
2002-06-04,1.561631912408826
2002-06-05,1.5775916600718545
2002-06-06,1.5782733354805274
2002-06-07,1.4820342750967994
2002-06-10,1.4585866520026847
2002-06-11,1.4615633594557513
2002-06-12,1.4692000397446472
2002-06-13,1.5216491017585234
2002-06-14,1.4789904454386378
2002-06-17,1.4648750219719675
2002-06-18,1.506480903615492
2002-06-19,1.4739446215822023
2002-06-20,1.4560274525031536
2002-06-21,1.477910379486392
2002-06-24,1.4721754801667393
2002-06-25,1.4878951583945976
2002-06-26,1.4344687277027337
2002-06-27,1.457796628715872
2002-06-28,1.4937211675825184
2002-06-30,1.4937211675825184
2002-07-01,1.52258780903608
2002-07-02,1.5048996930578136
2002-07-03,1.4992281389980813
2002-07-04,1.5084777038897115
2002-07-05,1.5455188027114966
2002-07-08,1.4802762365445707
2002-07-09,1.471805712654082
2002-07-10,1.514240691612184
2002-07-11,1.5074006502700346
2002-07-12,1.558678367049403
2002-07-15,1.5460767311824593
2002-07-16,1.5505192076162508
2002-07-17,1.6417685134297992
2002-07-18,1.6577420257596134
2002-07-19,1.6582180301221825
2002-07-22,1.6352928713137764
2002-07-23,1.8053134012207392
2002-07-24,1.671861919365171
2002-07-25,1.7038399813348852
2002-07-26,1.7618378190540858
2002-07-29,1.9703455329099673
2002-07-30,1.993952950619282
2002-07-31,2.064140790295807
2002-08-01,2.062874436138936
2002-08-02,2.0700660915120177
2002-08-05,2.0871611466219893
2002-08-06,2.1094701180911133
2002-08-07,2.1067851798365105
2002-08-08,2.1293657538364164
2002-08-09,2.09832150028059
2002-08-12,2.0667490424897106
2002-08-13,2.061157189019771
2002-08-14,2.088609709748665
2002-08-15,2.0377744860974305
2002-08-16,2.0913135650620083
2002-08-19,2.06922839990982
2002-08-20,2.067044969667804
2002-08-21,2.066842545971159
2002-08-22,2.0795498110371167
2002-08-23,2.077226504471672
2002-08-26,2.0762768854280504
2002-08-27,1.9953626198246883
2002-08-28,2.1912150400549737
2002-08-29,2.199251911911452
2002-08-30,2.199251911911452
2002-08-31,2.1957331088523935
2002-09-02,2.209375707019068
2002-09-03,2.1976527150997867
2002-09-04,2.214654358163739
2002-09-05,2.2530419948432465
2002-09-06,2.291246377663512
2002-09-09,2.256572445927171
2002-09-10,2.159585973452019
2002-09-11,2.1976653802428263
2002-09-12,2.209797713698977
2002-09-13,2.2310120503099684
2002-09-16,2.160639792598126
2002-09-17,2.1653452022297066
2002-09-18,2.175217072775306
2002-09-19,2.1973464739331625
2002-09-20,2.2676307573987056
2002-09-23,2.2747147126936897
2002-09-24,2.23437639695151
2002-09-25,2.228197976700265
2002-09-26,2.194673042584544
2002-09-27,2.170837791722845
2002-09-30,2.1740650509237915
2002-10-01,2.224953968630256
2002-10-02,2.1980447811914323
2002-10-03,2.146940310234905
2002-10-04,2.150336515464336
2002-10-07,2.199155357646498
2002-10-08,2.1261322045280147
2002-10-09,2.2071768648439347
2002-10-10,2.25148818295181
2002-10-11,2.234046836059436
2002-10-14,2.2097588208797463
2002-10-15,2.2214512455927347
2002-10-16,2.220659384223157
2002-10-17,2.252250351393094
2002-10-18,2.266193692428526
2002-10-21,2.3223845506105474
2002-10-22,2.3366647548865442
2002-10-23,2.34076501843075
2002-10-24,2.3722847333293853
2002-10-25,2.3625052281695123
2002-10-28,2.4077714362542815
2002-10-29,2.4077714362542815
2002-10-30,2.4021061961324164
2002-10-31,2.3117683950899695
2002-11-01,2.295103019280966
2002-11-04,2.369218402526453
2002-11-05,2.530193700757051
2002-11-06,2.564852345920518
2002-11-07,2.7866522598301433
2002-11-08,2.7319252547169857
2002-11-11,2.6977702965269126
2002-11-12,2.548687600454234
2002-11-13,2.5710486614413703
2002-11-14,2.6708697695453645
2002-11-15,2.8156697445332277
2002-11-18,2.965991208883375
2002-11-19,2.931717385807138
2002-11-20,2.90020192981176
2002-11-21,2.946485079433296
2002-11-22,2.843327762374585
2002-11-25,2.751760979149183
2002-11-26,2.750183005773549
2002-11-27,2.7701461680827237
2002-11-28,2.7655620233327483
2002-11-29,2.804636023449685
2002-11-30,2.804636023449685
2002-12-02,2.8150252042296096
2002-12-03,2.7926515641163783
2002-12-04,2.827771260825407
2002-12-05,2.827771260825407
2002-12-06,2.827771260825407
2002-12-09,2.6360592894377297
2002-12-10,2.832680740904038
2002-12-11,2.683355914313039
2002-12-12,2.8714519490673616
2002-12-13,2.9097179762226735
2002-12-16,2.7300487492887737
2002-12-17,2.566110403635586
2002-12-18,2.6025531950030376
2002-12-19,2.4911100613789614
2002-12-20,2.5175169787990828
2002-12-23,2.3966000027360543
2002-12-24,2.3641862907273468
2002-12-25,2.406576807188137
2002-12-26,2.3427312631953523
2002-12-27,2.349024630158505
2002-12-30,2.3033021203593864
2002-12-31,2.349375814752545
2003-01-01,2.349375814752545
2003-01-02,2.378918739374132
2003-01-03,2.4401774353867727
2003-01-06,2.376227494316179
2003-01-07,2.2096358603665527
2003-01-08,2.3210563992723077
2003-01-09,2.34560000848625
2003-01-10,2.339513752389391
2003-01-13,2.370357444608057
2003-01-14,2.3185913019849433
2003-01-15,2.3522073462971056
2003-01-16,2.3874878943426023
2003-01-17,2.35948987118591
2003-01-20,2.4082221979849194
2003-01-21,2.390346273054596
2003-01-22,2.4088831869730543
2003-01-23,2.449457245097846
2003-01-24,2.4437396612040696
2003-01-27,2.472598496514827
2003-01-28,2.469603102242281
2003-01-29,2.461463778617985
2003-01-30,2.5006181601883313
2003-01-31,2.5364976720561043
2003-02-03,2.5286499120352084
2003-02-04,2.4351476062419026
2003-02-05,2.441583379831933
2003-02-06,2.5010696828816914
2003-02-07,2.5357421996704486
2003-02-10,2.5357421996704486
2003-02-11,2.5357421996704486
2003-02-12,2.5357421996704486
2003-02-13,2.5357421996704486
2003-02-14,2.5357421996704486
2003-02-17,2.5869170666730357
2003-02-18,2.6415134328620202
2003-02-19,2.60757636290933
2003-02-20,2.6451261982276
2003-02-21,2.6396549875013626
2003-02-24,2.6040203545038025
2003-02-25,2.5814577179671496
2003-02-26,2.5687838208662974
2003-02-27,2.588010964920486
2003-02-28,2.6146883025275547
2003-03-03,2.337205524844413
2003-03-04,2.4522322287856086
2003-03-05,2.4669752092869337
2003-03-06,2.5027839827769567
2003-03-07,2.520227238439619
2003-03-10,2.5020270521690664
2003-03-11,2.4862600051624906
2003-03-12,2.468389623234767
2003-03-13,2.540814309774204
2003-03-14,2.5217204423419064
2003-03-17,2.2503107399953888
2003-03-18,2.451765238348359
2003-03-19,2.2486358126581556
2003-03-20,2.211513616039476
2003-03-21,2.1476711819004115
2003-03-24,2.03220566340329
2003-03-25,2.060554951419857
2003-03-26,2.1203132571687564
2003-03-27,2.1982841082887745
2003-03-28,2.2218538413908004
2003-03-31,2.2163403391204377
2003-04-01,2.282203827351598
2003-04-02,2.3129271251806087
2003-04-03,2.430454242097711
2003-04-04,2.446041595136023
2003-04-07,2.550129872347739
2003-04-08,2.536856196746215
2003-04-09,2.6214798574230005
2003-04-10,2.553945665579937
2003-04-11,2.6217947441603253
2003-04-14,2.760897344360424
2003-04-15,2.724675727272946
2003-04-16,2.792802689870916
2003-04-17,2.7430392838014943
2003-04-18,2.810034826024294
2003-04-21,2.896748260276325
2003-04-22,2.874209035828429
2003-04-23,2.874209035828429
2003-04-24,2.8104179502987985
2003-04-25,2.8505893079097624
2003-04-28,2.8239003635627156
2003-04-29,2.842654623459557
2003-04-30,2.8644881887372105
2003-05-01,2.895414006308787
2003-05-02,2.87548076120657
2003-05-05,2.8427263814991193
2003-05-06,2.815779660696473
2003-05-07,2.744000841443868
2003-05-08,2.779037959199371
2003-05-09,2.739958496216556
2003-05-12,2.753342482869592
2003-05-13,2.68857413468053
2003-05-14,2.6077316540386373
2003-05-15,2.620714007428479
2003-05-16,2.6576364489495474
2003-05-19,2.6576364489495474
2003-05-20,2.672526969960631
2003-05-21,2.6686425898997266
2003-05-22,2.7135286471569917
2003-05-23,2.757997177612044
2003-05-26,2.79774005795758
2003-05-27,2.804756279255067
2003-05-28,2.861828133697772
2003-05-29,2.819237939159611
2003-05-30,2.820424347587952
2003-05-31,2.820424347587952
2003-06-02,2.8411770244876986
2003-06-03,2.796527569453403
2003-06-04,2.736614480131765
2003-06-05,2.751246986158803
2003-06-06,2.7577842726158948
2003-06-09,2.722929210818803
2003-06-10,2.6861212951173283
2003-06-11,2.6308759283636864
2003-06-12,2.6286181521951453
2003-06-13,2.6959662270421894
2003-06-16,2.7530504607640696
2003-06-17,2.7578378568008617
2003-06-18,2.7227079682970152
2003-06-19,2.676359123984203
2003-06-20,2.666684395907846
2003-06-23,2.6634977905670842
2003-06-24,2.632868289419766
2003-06-25,2.6392292894997644
2003-06-26,2.6506552012789073
2003-06-27,2.649091187224869
2003-06-30,2.627930593678768
2003-07-01,2.581203023583574
2003-07-02,2.5718436272344576
2003-07-03,2.5949554536236
2003-07-04,2.5523864685863877
2003-07-07,2.5294012101827326
2003-07-08,2.566405733720344
2003-07-09,2.5365938622489432
2003-07-10,2.546193772194034
2003-07-11,2.574694792626246
2003-07-14,2.596487511504824
2003-07-15,2.6436127352429484
2003-07-16,2.5980341816787944
2003-07-17,2.6014083655710856
2003-07-18,2.6210422628676
2003-07-21,2.624386257858824
2003-07-22,2.5540957633312815
2003-07-23,2.5476362309973557
2003-07-24,2.5325702687770804
2003-07-25,2.5516230827489355
2003-07-28,2.5507595857095353
2003-07-29,2.538811197624296
2003-07-30,2.53700603143217
2003-07-31,2.5624753764358257
2003-08-01,2.5694979506031737
2003-08-04,2.6367174571462444
2003-08-05,2.6767623652592674
2003-08-06,2.6244176024780668
2003-08-07,2.665610318413162
2003-08-08,2.6631941219257116
2003-08-11,2.691449107833388
2003-08-12,2.725262935390122
2003-08-13,2.7260016872474053
2003-08-14,2.7138981307903087
2003-08-15,2.7630287411849457
2003-08-18,2.747440029118133
2003-08-19,2.76745722089827
2003-08-20,2.739702407468888
2003-08-21,2.779326008912032
2003-08-22,2.814341172752536
2003-08-25,2.7833328381035223
2003-08-26,2.7709366759166825
2003-08-27,2.7609986740040777
2003-08-28,2.935772252755289
2003-08-29,2.9928779571323587
2003-08-31,2.9928779571323587
2003-09-01,3.0013154418462764
2003-09-02,3.0083253246303143
2003-09-03,3.01689777974795
2003-09-04,3.002801640820019
2003-09-05,2.982222029238347
2003-09-08,2.9635801133460276
2003-09-09,2.996882871793176
2003-09-10,3.0456350624494326
2003-09-11,3.136493960683152
2003-09-12,3.1738134827449613
2003-09-15,3.16341517480096
2003-09-16,3.228585842898346
2003-09-17,3.2011655323328267
2003-09-18,3.277287045236291
2003-09-19,3.316124900579325
2003-09-22,3.3497259108063258
2003-09-23,3.438471068371439
2003-09-24,3.443995738552181
2003-09-25,3.4569645927189887
2003-09-26,3.4045734275311084
2003-09-29,3.1784108882350726
2003-09-30,3.123986330285888
2003-10-01,3.3774057641447426
2003-10-02,3.451867389023952
2003-10-03,3.5483161412240607
2003-10-06,3.833728334604632
2003-10-07,3.749638791654936
2003-10-08,3.699406607824325
2003-10-09,3.6610459876822574
2003-10-10,3.7831896559644687
2003-10-13,3.8911330802573283
2003-10-14,3.7443084201886587
2003-10-15,3.7830755196359283
2003-10-16,3.8517224107605688
2003-10-17,3.824804269572254
2003-10-20,3.8140512667696576
2003-10-21,3.8871244890509535
2003-10-22,3.8628505842127665
2003-10-23,3.76120155458944
2003-10-24,3.7616106746361995
2003-10-27,3.6793319317599016
2003-10-28,3.7247711832152532
2003-10-29,3.7247711832152532
2003-10-30,3.8262706764587824
2003-10-31,3.903396958708848
2003-11-03,3.9953275131732995
2003-11-04,4.044371210318423
2003-11-05,4.128703728652727
2003-11-06,3.971141177921425
2003-11-07,4.03439874780718
2003-11-10,4.019228211331542
2003-11-11,3.946306876421217
2003-11-12,4.037410669514407
2003-11-13,4.08777023706968
2003-11-14,4.102561542244171
2003-11-17,4.040800716616948
2003-11-18,4.091286398386012
2003-11-19,4.121559148596024
2003-11-20,3.848359256328233
2003-11-21,3.848359256328233
2003-11-24,3.842971553369374
2003-11-25,3.842971553369374
2003-11-26,3.842971553369374
2003-11-27,3.842971553369374
2003-11-28,3.842971553369374
2003-11-30,3.842971553369374
2003-12-01,4.18094577103213
2003-12-02,4.284614981663205
2003-12-03,4.288380562044178
2003-12-04,4.315518276602895
2003-12-05,4.334078002940863
2003-12-08,4.4550464161083
2003-12-09,4.423080970975299
2003-12-10,4.36936102552068
2003-12-11,4.369181580131539
2003-12-12,4.4340711759104865
2003-12-15,4.550497912751617
2003-12-16,4.5174525609831315
2003-12-17,4.5356737327815875
2003-12-18,4.587748416243994
2003-12-19,4.726697812888806
2003-12-22,4.743654214150485
2003-12-23,4.793331735009265
2003-12-24,4.793729839167435
2003-12-25,4.65366868221781
2003-12-26,4.765303023645455
2003-12-29,4.798776093027497
2003-12-30,4.8056544854792325
2003-12-31,4.857867831572761
2004-01-01,4.857867831572761
2004-01-02,4.964457062290841
2004-01-05,5.070417489729987
2004-01-06,4.922279015498221
2004-01-07,5.000444944111107
2004-01-08,5.056821001127742
2004-01-09,5.136592124870901
2004-01-12,5.074067759037427
2004-01-13,5.093191779465896
2004-01-14,4.978777377895688
2004-01-15,5.040546054433103
2004-01-16,4.886988810704947
2004-01-19,4.739211478474962
2004-01-20,4.992619971371163
2004-01-21,5.0714940481761905
2004-01-22,5.028566050948319
2004-01-23,5.028566050948319
2004-01-26,5.011686734727469
2004-01-27,4.920196702263371
2004-01-28,4.961339928647466
2004-01-29,4.7916389355351034
2004-01-30,4.794239409807806
2004-02-02,4.794239409807806
2004-02-03,4.793280561925844
2004-02-04,4.793280561925844
2004-02-05,4.79651739227887
2004-02-06,4.778370266668384
2004-02-09,4.880533802190866
2004-02-10,4.834180007866273
2004-02-11,4.913531230911341
2004-02-12,5.11193820032523
2004-02-13,5.131770141447974
2004-02-16,5.134743815087756
2004-02-17,5.053455456288102
2004-02-18,5.139364496921014
2004-02-19,5.055969393492431
2004-02-20,4.907633839897111
2004-02-23,4.888558833742847
2004-02-24,4.912383564647772
2004-02-25,4.967265634488272
2004-02-26,4.9724818096478725
2004-02-27,5.01282929199671
2004-02-29,5.01282929199671
2004-03-01,5.0258833661386415
2004-03-02,5.1239413058493515
2004-03-03,5.118652442216982
2004-03-04,5.081358864437153
2004-03-05,5.13217150529232
2004-03-08,5.217760134484802
2004-03-09,5.203491595013698
2004-03-10,5.308822917152922
2004-03-11,5.183874182437187
2004-03-12,5.194472560906681
2004-03-15,5.214251124552624
2004-03-16,5.1917569014862375
2004-03-17,5.196788563409138
2004-03-18,5.253850640674084
2004-03-19,5.318345279706327
2004-03-22,5.350265311438444
2004-03-23,5.298335850309475
2004-03-24,5.340146594202899
2004-03-25,5.371608960372199
2004-03-26,5.437536886820082
2004-03-29,5.437347521746569
2004-03-30,5.322506101747548
2004-03-31,5.3554991988257425
2004-04-01,5.414902155487973
2004-04-02,5.474481353673135
2004-04-05,5.522757161102951
2004-04-06,5.601130337891487
2004-04-07,5.569036467268924
2004-04-08,5.425426525552313
2004-04-09,5.456635083318658
2004-04-12,5.436742763511053
2004-04-13,5.428758866352968
2004-04-14,5.3967062239081764
2004-04-15,5.320174577238846
2004-04-16,5.501104867357288
2004-04-19,5.601689408466335
2004-04-20,5.551951667661292
2004-04-21,5.574079652915548
2004-04-22,5.628527210210044
2004-04-23,5.628527210210044
2004-04-26,5.476393792969808
2004-04-27,5.301267682347745
2004-04-28,5.23189712089078
2004-04-29,5.088931068085346
2004-04-30,5.0825008750359775
2004-05-03,4.924185460198858
2004-05-04,5.071481350462394
2004-05-05,5.16534457720233
2004-05-06,5.024743805880252
2004-05-07,4.8650627602841885
2004-05-10,4.716621371447467
2004-05-11,4.709152179674969
2004-05-12,4.711302081660366
2004-05-13,4.604152311061889
2004-05-14,4.588845996323276
2004-05-17,4.335790678018657
2004-05-18,4.375378091099164
2004-05-19,4.375378091099164
2004-05-20,4.447201490177088
2004-05-21,4.504287890009991
2004-05-24,4.643987365056562
2004-05-25,4.608394232880792
2004-05-26,4.75843476806995
2004-05-27,4.751477476063304
2004-05-28,4.786802805376351
2004-05-31,4.7371317453102915
2004-06-01,4.690036726316072
2004-06-02,4.696897166555893
2004-06-03,4.7585479400996755
2004-06-04,4.847693362799238
2004-06-07,4.903143311006012
2004-06-08,4.865853748723505
2004-06-09,4.856843297273555
2004-06-10,4.883651407185524
2004-06-11,4.872267649146107
2004-06-14,4.766873638878617
2004-06-15,4.777385140258961
2004-06-16,4.750239167916497
2004-06-17,4.6822340563865765
2004-06-18,4.726449815296525
2004-06-21,4.694760435041244
2004-06-22,4.7285917062398415
2004-06-23,4.767247966784154
2004-06-24,4.728531214747306
2004-06-25,4.859773006701147
2004-06-28,4.894167289679466
2004-06-29,4.859797992320878
2004-06-30,4.8736792495276084
2004-07-01,4.954944080390909
2004-07-02,4.961633565744377
2004-07-05,4.970696865076333
2004-07-06,4.928763555810803
2004-07-07,4.920818757717967
2004-07-08,4.8930109754979245
2004-07-09,4.921970160742822
2004-07-12,4.953836217717909
2004-07-13,4.980505871856652
2004-07-14,5.045883597236973
2004-07-15,5.1367220929113175
2004-07-16,5.174777900570723
2004-07-19,5.130149148186443
2004-07-20,5.10394526023845
2004-07-21,5.081409224577189
2004-07-22,5.063584115543495
2004-07-23,5.187765856186427
2004-07-26,5.197703408294376
2004-07-27,5.223982526725258
2004-07-28,5.302484380607912
2004-07-29,5.360698008198192
2004-07-30,5.49421699354412
2004-08-02,5.556934926733957
2004-08-03,5.485885044742274
2004-08-04,5.3723086933671595
2004-08-05,5.5372933573476475
2004-08-06,5.492100863158798
2004-08-09,5.527109640746683
2004-08-10,5.653782979096471
2004-08-11,5.4913862341419035
2004-08-12,5.504004514880417
2004-08-13,5.561534006424374
2004-08-16,5.6406565500760575
2004-08-17,5.761900797738151
2004-08-18,5.734570361318588
2004-08-19,5.7418086129172226
2004-08-20,5.718686528564317
2004-08-23,5.771309311964928
2004-08-24,5.8405460016386614
2004-08-25,5.807373132371752
2004-08-26,5.839630657485981
2004-08-27,5.895988786961688
2004-08-30,5.895988786961688
2004-08-31,5.9686504752445755
2004-09-01,6.051177312707765
2004-09-02,6.0106295391617
2004-09-03,6.161915681132831
2004-09-06,6.27994756990247
2004-09-07,6.379453808208273
2004-09-08,6.400961256196013
2004-09-09,6.4126067283537775
2004-09-10,6.322704070654143
2004-09-13,6.371467150836721
2004-09-14,6.490259160338089
2004-09-15,6.527843002174027
2004-09-16,6.586234975646064
2004-09-17,6.4037490232140275
2004-09-20,6.236217512716687
2004-09-21,6.420233609272123
2004-09-22,6.482806979416384
2004-09-23,6.637982638132868
2004-09-24,6.613237988167336
2004-09-27,6.570812429704385
2004-09-28,6.632376237134907
2004-09-29,6.681448811282736
2004-09-30,6.600049023918932
2004-10-01,6.5813319153429415
2004-10-04,6.601460303368621
2004-10-05,6.445475499864726
2004-10-06,6.633743607724462
2004-10-07,6.711515993840018
2004-10-08,6.827512498776827
2004-10-11,6.9494451715865875
2004-10-12,6.979801210522074
2004-10-13,7.02918500985351
2004-10-14,6.983769196674603
2004-10-15,6.99143863747732
2004-10-18,6.965841186618465
2004-10-19,6.971406634111319
2004-10-20,6.869101096737498
2004-10-21,6.9176945702470665
2004-10-22,6.932843719014084
2004-10-25,7.014271009943526
2004-10-26,7.052412058786367
2004-10-27,7.1966992879363305
2004-10-28,7.278097971519305
2004-10-29,7.278097971519305
2004-11-01,7.45975023008409
2004-11-02,7.593799615844787
2004-11-03,7.622816034440523
2004-11-04,7.625915603610115
2004-11-05,7.767589877137062
2004-11-08,7.84852364784662
2004-11-09,7.7992504175718445
2004-11-10,7.93767884661291
2004-11-11,7.8652006534840115
2004-11-12,7.780810004331654
2004-11-15,7.780810004331654
2004-11-16,7.780810004331654
2004-11-17,7.814614993805679
2004-11-18,7.940064686472233
2004-11-19,8.077843795019083
2004-11-22,8.057107839419986
2004-11-23,8.26245624696874
2004-11-24,8.38112456559892
2004-11-25,8.234016975361577
2004-11-26,8.104608200629844
2004-11-29,7.865204657683039
2004-11-30,7.840788252714488
2004-12-01,7.768554034775981
2004-12-02,7.920740321817711
2004-12-03,7.831845593338675
2004-12-06,7.792659794593985
2004-12-07,7.853320115137765
2004-12-08,7.75621002979868
2004-12-09,7.670145745390974
2004-12-10,7.634965446221132
2004-12-13,7.743612095337663
2004-12-14,7.6397681751300235
2004-12-15,7.580616945643409
2004-12-16,7.72729538220353
2004-12-17,7.728559424573667
2004-12-20,7.945473348345395
2004-12-21,7.925798845276783
2004-12-22,7.937084102074067
2004-12-23,7.898013011627093
2004-12-24,7.849754138504011
2004-12-27,7.857779214108144
2004-12-28,7.967775630476975
2004-12-29,7.92424054084947
2004-12-30,7.92424054084947
2004-12-31,7.908392059767771
2005-01-03,7.983912530621092
2005-01-04,7.91748440932688
2005-01-05,7.768810927643968
2005-01-06,7.845581623035907
2005-01-07,7.9464733019281235
2005-01-10,7.996713329726441
2005-01-11,8.157140087128072
2005-01-12,8.37481779159459
2005-01-13,8.50161367985204
2005-01-14,8.499044859142831
2005-01-17,8.513442893644225
2005-01-18,8.558725326927538
2005-01-19,8.480581244066526
2005-01-20,8.480581244066526
2005-01-21,8.480581244066526
2005-01-24,8.36214608364711
2005-01-25,8.475826699700203
2005-01-26,8.474267654646244
2005-01-27,8.599895387684597
2005-01-28,8.616661037353694
2005-01-31,8.714235642971985
2005-02-01,8.913336676236804
2005-02-02,8.940789813186708
2005-02-03,8.874455143088165
2005-02-04,8.933131516007263
2005-02-07,9.049999404563833
2005-02-08,9.124703644669772
2005-02-09,8.9291368862987
2005-02-10,8.945896910964692
2005-02-11,9.159924915309896
2005-02-14,9.20437373111831
2005-02-15,9.259783157360783
2005-02-16,9.08707693418807
2005-02-17,8.92167062273448
2005-02-18,8.981595841485827
2005-02-21,8.84828413139105
2005-02-22,8.720325246009658
2005-02-23,8.768453863986876
2005-02-24,8.970318208829017
2005-02-25,8.965046340863331
2005-02-28,9.070615791283807
2005-03-01,8.966206812776596
2005-03-02,8.851145268673696
2005-03-03,8.97819349122159
2005-03-04,9.052397842128146
2005-03-07,9.230905373628737
2005-03-08,9.173910451016747
2005-03-09,9.29547812511599
2005-03-10,9.332650076517503
2005-03-11,9.240559912690744
2005-03-14,9.058589180343814
2005-03-15,8.90106586538427
2005-03-16,8.556406852959116
2005-03-17,8.157483053052442
2005-03-18,8.535893720124673
2005-03-21,8.380441306297355
2005-03-22,8.54679608530216
2005-03-23,8.291096005101082
2005-03-24,8.524338779236606
2005-03-25,8.614419753092028
2005-03-28,8.447334189510231
2005-03-29,8.384147701277639
2005-03-30,8.384794365199008
2005-03-31,8.704796021462789
2005-04-01,8.695146672847345
2005-04-04,8.560969366224153
2005-04-05,8.66157930761543
2005-04-06,8.680445367329888
2005-04-07,8.558343939233048
2005-04-08,8.564489938905
2005-04-11,8.380417029491136
2005-04-12,8.132872535481901
2005-04-13,8.154532601037614
2005-04-14,7.939121104015435
2005-04-15,7.723811024296859
2005-04-18,7.391113407776022
2005-04-19,7.626016188601541
2005-04-20,7.7494818354792745
2005-04-21,7.719418937681695
2005-04-22,7.8181707806152465
2005-04-25,7.858422608503237
2005-04-26,7.8361906229863685
2005-04-27,7.818788704621822
2005-04-28,7.674130829780714
2005-04-29,7.684858553492289
2005-05-02,7.82080856217188
2005-05-03,7.874741766563717
2005-05-04,7.944114974576454
2005-05-05,8.164218522102638
2005-05-06,8.09267158357675
2005-05-09,8.010757112173275
2005-05-10,8.02773404547862
2005-05-11,8.137625464422541
2005-05-12,8.304634452475046
2005-05-13,8.481267564082092
2005-05-16,8.435156632636131
2005-05-17,8.41548639619346
2005-05-18,8.533334390218652
2005-05-19,8.533334390218652
2005-05-20,8.529593454518702
2005-05-23,8.178860073659555
2005-05-24,8.166287698532768
2005-05-25,8.231514890406997
2005-05-26,8.23118925136128
2005-05-27,8.356727965750999
2005-05-30,8.64177368221883
2005-05-31,8.776099524963502
2005-06-01,8.825079747511747
2005-06-02,8.908082209046993
2005-06-03,8.935964242299633
2005-06-06,8.856814967273804
2005-06-07,8.846135500878534
2005-06-08,8.96625669842299
2005-06-09,8.967647662726314
2005-06-10,8.980456652269346
2005-06-13,9.011041561572473
2005-06-14,9.076748392515432
2005-06-15,9.152136822657083
2005-06-16,9.187192655687646
2005-06-17,9.133485794584585
2005-06-20,9.181856926208585
2005-06-21,9.273851997477466
2005-06-22,9.281081589701264
2005-06-23,9.398462822381438
2005-06-24,9.393779468742608
2005-06-27,9.288518449814282
2005-06-28,9.28617524771741
2005-06-29,9.379539708076907
2005-06-30,9.303067153990334
2005-07-01,9.464618617265227
2005-07-04,9.509504238785043
2005-07-05,9.496754322968906
2005-07-06,9.626037784690883
2005-07-07,9.581717964746696
2005-07-08,9.843140104581463
2005-07-11,9.86079991584487
2005-07-12,9.98139289836409
2005-07-13,10.028760669616585
2005-07-14,10.146410791184334
2005-07-15,10.144446091595468
2005-07-18,10.073536344372453
2005-07-19,10.166924635512977
2005-07-20,10.159605734269592
2005-07-21,10.29102631712806
2005-07-22,10.317130825263071
2005-07-25,10.5051744782225
2005-07-26,10.359604320397933
2005-07-27,10.406730608528695
2005-07-28,10.580955824787274
2005-07-29,10.78812187745983
2005-08-01,11.08080989120928
2005-08-02,10.895283614227484
2005-08-03,11.013248210877345
2005-08-04,11.050427624005456
2005-08-05,10.895232646799283
2005-08-08,10.718703275099216
2005-08-09,10.594267998828752
2005-08-10,10.633634676750077
2005-08-11,10.496161809829198
2005-08-12,10.337636019054568
2005-08-15,10.260781694287243
2005-08-16,10.380984988813095
2005-08-17,10.323163795094848
2005-08-18,10.324200259091631
2005-08-19,10.406792068325235
2005-08-22,10.592384705010769
2005-08-23,10.620342274082125
2005-08-24,10.69733633376979
2005-08-25,10.80052670996949
2005-08-26,10.941045251992815
2005-08-29,10.894349623869106
2005-08-30,10.894349623869106
2005-08-31,10.969294887613243
2005-09-01,11.14631460228086
2005-09-02,11.125049176988915
2005-09-05,11.162524310611897
2005-09-06,11.23847191681592
2005-09-07,11.26280154264153
2005-09-08,11.346608681817543
2005-09-09,11.449240970311852
2005-09-12,11.690831199498357
2005-09-13,11.700896015796197
2005-09-14,11.826154489326576
2005-09-15,11.964176067036469
2005-09-16,12.052269145055089
2005-09-19,12.26043137759543
2005-09-20,12.568295665807042
2005-09-21,12.587708003308654
2005-09-22,12.53444544767685
2005-09-23,12.55830966983883
2005-09-26,12.587583944989914
2005-09-27,12.464960319304835
2005-09-28,12.194548526126475
2005-09-29,12.515409263555433
2005-09-30,12.319466213979942
2005-10-03,12.534230213956631
2005-10-04,13.047683807878071
2005-10-05,12.751472674734693
2005-10-06,12.41050413326009
2005-10-07,12.470595368513692
2005-10-10,12.65413681681983
2005-10-11,12.62601751890962
2005-10-12,12.30672266759844
2005-10-13,11.829056368691798
2005-10-14,11.627644193943167
2005-10-17,11.907962947640787
2005-10-18,11.941784543153506
2005-10-19,11.695003743510743
2005-10-20,11.962559839067998
2005-10-21,11.838917336155454
2005-10-24,11.893938727914993
2005-10-25,11.964741019973014
2005-10-26,12.195443172105199
2005-10-27,12.31406797756662
2005-10-28,12.382310636051876
2005-10-31,12.74011962886804
2005-11-01,12.938865162576786
2005-11-02,13.037373601202976
2005-11-03,13.037373601202976
2005-11-04,13.037373601202976
2005-11-07,13.429417526494309
2005-11-08,13.589787893678235
2005-11-09,13.363391639840767
2005-11-10,13.504639610541682
2005-11-11,13.227641640308832
2005-11-14,13.395816003253183
2005-11-15,13.477716913011667
2005-11-16,13.553953958749208
2005-11-17,13.62549766490011
2005-11-18,13.803357226635535
2005-11-21,14.019217220182297
2005-11-22,13.942631815983917
2005-11-23,14.284259178499775
2005-11-24,14.422958221401723
2005-11-25,14.503555718027735
2005-11-28,14.617132611037011
2005-11-29,14.76177909376151
2005-11-30,14.979404675343618
2005-12-01,15.104888303785833
2005-12-02,15.336429314202377
2005-12-05,15.461833510644382
2005-12-06,15.622454162730952
2005-12-07,15.54593095578937
2005-12-08,15.507265095796814
2005-12-09,15.072774517052434
2005-12-12,15.222981685554137
2005-12-13,15.046992130704758
2005-12-14,15.122709378997389
2005-12-15,15.086423542994181
2005-12-16,15.183174738304542
2005-12-19,15.402934871445082
2005-12-20,15.276790325682503
2005-12-21,15.366532757538515
2005-12-22,15.406833079509195
2005-12-23,15.621771578082303
2005-12-26,15.803301520538671
2005-12-27,15.714569161104444
2005-12-28,15.872153412786039
2005-12-29,16.13266998371817
2005-12-30,16.20061548513905
2005-12-31,16.20061548513905
2006-01-02,16.3023198861416
2006-01-03,16.33380425676549
2006-01-04,16.43442562206207
2006-01-05,16.49993605799666
2006-01-06,16.62843254760553
2006-01-09,16.62843254760553
2006-01-10,16.62843254760553
2006-01-11,16.62843254760553
2006-01-12,16.62843254760553
2006-01-13,16.62843254760553
2006-01-16,16.92503646562522
2006-01-17,17.108396789277577
2006-01-18,16.513749467824177
2006-01-19,16.81918429700071
2006-01-20,17.154470257436653
2006-01-23,17.19064889178356
2006-01-24,17.75757366861158
2006-01-25,18.519365467214794
2006-01-26,18.98669183581031
2006-01-27,18.91010354674903
2006-01-30,18.891537433091198
2006-01-31,19.303141294612047
2006-02-01,19.522599861363666
2006-02-02,19.501136151740823
2006-02-03,19.314483570746035
2006-02-06,19.87352090779143
2006-02-07,19.709442653742666
2006-02-08,19.4358597156316
2006-02-09,19.517102387112054
2006-02-10,19.667436135779475
2006-02-13,19.46686765033949
2006-02-14,19.138302660214652
2006-02-15,19.250689376423654
2006-02-16,19.758875492547112
2006-02-17,19.996287385849676
2006-02-20,20.091277896272572
2006-02-21,20.177917513529636
2006-02-22,20.234828814978176
2006-02-23,20.86925126327936
2006-02-24,21.19081907651619
2006-02-27,21.360603051777183
2006-02-28,21.204960396639883
2006-03-01,21.08683449164139
2006-03-02,20.886199061575883
2006-03-03,20.91112024482843
2006-03-06,20.774672296914268
2006-03-07,19.701150467208585
2006-03-08,18.829472295959164
2006-03-09,19.236602845193655
2006-03-10,19.007690249157996
2006-03-13,19.66526010414439
2006-03-14,19.046179163081465
2006-03-15,19.180468406590162
2006-03-16,19.15394226523879
2006-03-17,19.583842597660365
2006-03-20,19.740543997778698
2006-03-21,19.59221241942727
2006-03-22,19.9720506500694
2006-03-23,20.374146022025304
2006-03-24,20.230248256984417
2006-03-27,19.926990306894616
2006-03-28,19.381260003558044
2006-03-29,19.644904940996337
2006-03-30,19.579420911555246
2006-03-31,19.526629760541123
2006-04-03,19.768540732195127
2006-04-04,19.693215552299385
2006-04-05,19.79977693119637
2006-04-06,19.75544325999516
2006-04-07,20.16058869976677
2006-04-10,19.922647940702326
2006-04-11,20.02685297506039
2006-04-12,19.848285089015942
2006-04-13,19.70527512840769
2006-04-14,19.774076358909703
2006-04-17,19.4329807127988
2006-04-18,19.523050424431712
2006-04-19,19.380394168073693
2006-04-20,19.54732997666016
2006-04-21,20.080696080671796
2006-04-24,20.050910497971827
2006-04-25,19.999076638212134
2006-04-26,19.87056359129361
2006-04-27,19.442647570076964
2006-04-28,19.583723189420628
2006-05-01,19.602069727887585
2006-05-02,19.59889682394229
2006-05-03,19.54740459197135
2006-05-04,19.5709500273407
2006-05-05,19.6160614199462
2006-05-08,19.93560643796729
2006-05-09,19.790118298204643
2006-05-10,19.517574539218366
2006-05-11,19.536694973716514
2006-05-12,18.735230316973112
2006-05-15,17.665480991552766
2006-05-16,17.91295750988097
2006-05-17,17.717679007550725
2006-05-18,17.106921866130392
2006-05-19,17.106921866130392
2006-05-22,15.464048982463117
2006-05-23,15.861137742610634
2006-05-24,15.468330113258707
2006-05-25,15.813134645520309
2006-05-26,16.793719887424917
2006-05-29,17.051820639310538
2006-05-30,16.594229136795654
2006-05-31,16.905027636857245
2006-06-01,16.944612237466735
2006-06-02,17.023299725444556
2006-06-05,16.55720544165198
2006-06-06,16.40059856074436
2006-06-07,16.158427294070687
2006-06-08,15.56866090395127
2006-06-09,15.286263530047341
2006-06-12,14.945550153635775
2006-06-13,13.95310228983445
2006-06-14,13.98142245521888
2006-06-15,14.272104826451331
2006-06-16,14.276736879759364
2006-06-19,14.42253879430892
2006-06-20,14.176918842175535
2006-06-21,13.853442908896884
2006-06-22,14.06483497787387
2006-06-23,13.562042499428607
2006-06-26,13.162941275721355
2006-06-27,13.273464647329293
2006-06-28,13.674644300527184
2006-06-29,14.015708381959255
2006-06-30,14.759519194314313
2006-07-03,14.702520528860527
2006-07-04,15.016443582431776
2006-07-05,14.54970511430028
2006-07-06,14.7400515652181
2006-07-07,14.930845763236004
2006-07-10,14.821749455728938
2006-07-11,14.708862575795841
2006-07-12,14.496752982722507
2006-07-13,14.264933798751255
2006-07-14,13.967063242373985
2006-07-17,13.532492257007455
2006-07-18,13.814464952220346
2006-07-19,14.335095194423431
2006-07-20,14.966693538859296
2006-07-21,14.968273331223477
2006-07-24,15.181450993349223
2006-07-25,15.167446188894193
2006-07-26,15.36846319265244
2006-07-27,15.812082925708056
2006-07-28,15.701971644096144
2006-07-31,15.6902478934685
2006-08-01,15.44747801541453
2006-08-02,15.828651573010907
2006-08-03,15.859353955096736
2006-08-04,15.923452573459713
2006-08-07,15.513759415919612
2006-08-08,15.586087268562315
2006-08-09,16.004118103965823
2006-08-10,15.802962190516109
2006-08-11,16.093026208358864
2006-08-14,16.252157598558945
2006-08-15,16.330152620764224
2006-08-16,16.721881419587632
2006-08-17,16.404409953664604
2006-08-18,16.11697786501427
2006-08-21,16.215765855420507
2006-08-22,16.231999438091723
2006-08-23,16.233020303659227
2006-08-24,16.13422245022201
2006-08-25,16.105860347768115
2006-08-28,16.203894448755467
2006-08-29,16.291984804977403
2006-08-30,16.291984804977403
2006-08-31,16.391711555350717
2006-09-01,16.523739108870203
2006-09-04,16.75255961191224
2006-09-05,16.70685838544941
2006-09-06,16.87383711997335
2006-09-07,17.02059860438634
2006-09-08,17.15194031111982
2006-09-11,17.11831309842586
2006-09-12,16.97288246072048
2006-09-13,17.20921182458896
2006-09-14,17.071267897411538
2006-09-15,17.365447198805512
2006-09-18,17.667761644070765
2006-09-19,17.721767342557026
2006-09-20,17.572537502119904
2006-09-21,17.214267835734862
2006-09-22,16.38942705007851
2006-09-25,16.229412927297567
2006-09-26,16.570354662048892
2006-09-27,16.818121489716148
2006-09-28,16.901168488304986
2006-09-29,16.73756631624061
2006-09-30,16.73756631624061
2006-10-02,16.72354871125339
2006-10-03,16.635948271793126
2006-10-04,16.44578793056219
2006-10-05,16.689652627442136
2006-10-06,16.68784179911436
2006-10-09,16.84928007035241
2006-10-10,16.941160378509718
2006-10-11,16.82481250270527
2006-10-12,17.122325844007197
2006-10-13,17.072375043490897
2006-10-16,17.13246753011646
2006-10-17,16.877675997287312
2006-10-18,17.22134786605409
2006-10-19,17.487682017624895
2006-10-20,17.51869164794008
2006-10-23,17.51869164794008
2006-10-24,17.51869164794008
2006-10-25,17.51869164794008
2006-10-26,17.688111743114987
2006-10-27,17.497291593889972
2006-10-30,17.456665569290266
2006-10-31,17.69474059469299
2006-11-01,17.800316757251537
2006-11-02,17.34739520170388
2006-11-03,17.41298589797807
2006-11-06,17.573298917067465
2006-11-07,17.782079917400615
2006-11-08,17.707855628349755
2006-11-09,17.746304423243526
2006-11-10,17.68968843525804
2006-11-13,17.4208675568698
2006-11-14,17.670669259785647
2006-11-15,17.739908010009337
2006-11-16,17.622181586040107
2006-11-17,17.388758557375343
2006-11-20,17.35823475957734
2006-11-21,17.309342886635708
2006-11-22,17.03217012405212
2006-11-23,17.104640223825054
2006-11-24,16.8724026000112
2006-11-27,17.155711389883514
2006-11-28,16.90974045112122
2006-11-29,17.07658686757529
2006-11-30,17.265349786112807
2006-12-01,17.263979693705572
2006-12-04,17.078310540051817
2006-12-05,17.288416726613402
2006-12-06,17.386986291385963
2006-12-07,17.63541136533259
2006-12-08,17.54415797228584
2006-12-11,17.498450658680667
2006-12-12,17.436698214848853
2006-12-13,17.2977699635173
2006-12-14,17.777933748869767
2006-12-15,17.768475318595996
2006-12-18,17.498993372564573
2006-12-19,17.151128657773203
2006-12-20,17.18770235213623
2006-12-21,17.080428627616715
2006-12-22,17.183189536105598
2006-12-25,17.006984886910406
2006-12-26,16.983531282402602
2006-12-27,17.00175228319497
2006-12-28,17.200136148684464
2006-12-29,17.224439245320273
2006-12-31,17.224439245320273
2007-01-01,17.193435254678697
2007-01-02,17.15904838416934
2007-01-03,17.15904838416934
2007-01-04,17.37795319709686
2007-01-05,17.007498337809242
2007-01-08,16.826515002772197
2007-01-09,16.351496671717964
2007-01-10,16.1432504932803
2007-01-11,16.475489385919772
2007-01-12,16.804859759505497
2007-01-15,17.387286515759953
2007-01-16,17.453304910500393
2007-01-17,17.451853965069635
2007-01-18,18.108453160435438
2007-01-19,17.91807522456424
2007-01-22,18.271092752335072
2007-01-23,18.169938675336233
2007-01-24,18.331804690533378
2007-01-25,18.38346570580978
2007-01-26,18.414711467702613
2007-01-29,18.11734303043552
2007-01-30,18.301400581807236
2007-01-31,18.37723303106748
2007-02-01,18.626622772762833
2007-02-02,18.626584360841747
2007-02-05,18.56447984199707
2007-02-06,18.589512507647164
2007-02-07,18.638251875655776
2007-02-08,18.471287185024046
2007-02-09,18.815120736464003
2007-02-12,18.8195846615775
2007-02-13,18.91119654592022
2007-02-14,18.91144395840835
2007-02-15,18.999420295120093
2007-02-16,18.86586214531132
2007-02-19,19.045246485871026
2007-02-20,18.985028001390706
2007-02-21,18.633598719807477
2007-02-22,18.876736824729505
2007-02-23,19.073915309585246
2007-02-26,19.17035784360657
2007-02-27,18.292982404564043
2007-02-28,18.066618297087697
2007-03-01,17.210755167905056
2007-03-02,17.30280449416545
2007-03-05,17.007050766301617
2007-03-06,17.381664563704696
2007-03-07,17.46534623672104
2007-03-08,17.66319770323872
2007-03-09,17.73142020743998
2007-03-12,17.76326570732578
2007-03-13,17.773460409719004
2007-03-14,17.37843401796489
2007-03-15,17.487259957462424
2007-03-16,17.6146877226331
2007-03-19,17.61201993599491
2007-03-20,17.6968679066631
2007-03-21,17.78735336313426
2007-03-22,17.903141621211546
2007-03-23,17.959340325557616
2007-03-26,17.904737165358245
2007-03-27,18.0341767134949
2007-03-28,18.26905843313271
2007-03-29,18.480556671984473
2007-03-30,18.699795948456295
2007-03-31,18.699795948456295
2007-04-02,18.652279471649326
2007-04-03,18.789032103898897
2007-04-04,18.881356848042692
2007-04-05,18.94341709668366
2007-04-06,18.94805003210503
2007-04-09,19.104480296193604
2007-04-10,19.029015965011787
2007-04-11,19.145095309873792
2007-04-12,18.849029386890802
2007-04-13,18.99792480285007
2007-04-16,19.173823647451613
2007-04-17,19.0938145434849
2007-04-18,18.94904359452072
2007-04-19,19.129248045215533
2007-04-20,19.419385210259797
2007-04-23,19.419385210259797
2007-04-24,19.328755712131606
2007-04-25,19.53056485807043
2007-04-26,19.47083183167137
2007-04-27,19.160914522874194
2007-04-30,18.393583801329775
2007-05-01,18.15962271000936
2007-05-02,18.514814616113604
2007-05-03,18.868930101544475
2007-05-04,19.055097967830058
2007-05-07,18.9418506909673
2007-05-08,18.895612356449945
2007-05-09,18.887230404027594
2007-05-10,19.02173980000413
2007-05-11,18.951859469732454
2007-05-14,19.06917903993666
2007-05-15,19.041557616093254
2007-05-16,19.193366581118816
2007-05-17,19.241009886201596
2007-05-18,19.269036039514848
2007-05-21,19.12081744825594
2007-05-22,19.153986683327222
2007-05-23,19.106621527517557
2007-05-24,19.0485853767231
2007-05-25,19.06352448351568
2007-05-28,19.30976198539229
2007-05-29,19.45847975483395
2007-05-30,19.219784538374373
2007-05-31,19.598901428550064
2007-06-01,19.387804930126375
2007-06-04,19.11204058382919
2007-06-05,19.329723610526884
2007-06-06,19.190074783573152
2007-06-07,18.860529941052665
2007-06-08,18.77131848053291
2007-06-11,18.844913469194168
2007-06-12,18.573477127528665
2007-06-13,18.732941412848326
2007-06-14,18.730064629463538
2007-06-15,18.987534286981248
2007-06-18,18.968279985226793
2007-06-19,18.906401661906447
2007-06-20,18.92041196051655
2007-06-21,18.72847348726088
2007-06-22,18.656292925664257
2007-06-25,18.625428368331676
2007-06-26,19.11698987473661
2007-06-27,19.08905774702208
2007-06-28,19.511421518482294
2007-06-29,19.820256117075214
2007-06-30,19.820256117075214
2007-07-02,19.660001550042328
2007-07-03,19.77114423173754
2007-07-04,19.77973583215493
2007-07-05,19.687134886442273
2007-07-06,19.93836500216247
2007-07-09,20.653110263343358
2007-07-10,20.34394988442067
2007-07-11,20.37053673681938
2007-07-12,20.97536423100587
2007-07-13,20.88271165527031
2007-07-16,21.086876061306658
2007-07-17,21.11724621629621
2007-07-18,20.850054310029297
2007-07-19,21.252179536889408
2007-07-20,20.808940833283426
2007-07-23,21.353846929167958
2007-07-24,21.32919599325732
2007-07-25,21.650931824458993
2007-07-26,21.10831757044115
2007-07-27,20.92724990265957
2007-07-30,20.75478616740763
2007-07-31,21.256390463638198
2007-08-01,20.834627820017204
2007-08-02,20.990576985983715
2007-08-03,21.085452236824526
2007-08-06,21.33127680123181
2007-08-07,21.47851727024782
2007-08-08,21.840198708408217
2007-08-09,21.195320593797426
2007-08-10,21.046304567189505
2007-08-13,21.380518597683132
2007-08-14,21.108904627172343
2007-08-15,20.203866215687878
2007-08-16,19.165496825257232
2007-08-17,19.725442014228992
2007-08-20,19.612505636582082
2007-08-21,19.284117508997394
2007-08-22,19.592536949183256
2007-08-23,19.54471006121603
2007-08-24,19.6693535414471
2007-08-27,19.816637156926586
2007-08-28,19.762673827921592
2007-08-29,19.905259108268574
2007-08-30,19.905259108268574
2007-08-31,20.417815211415967
2007-09-03,20.18974672246601
2007-09-04,20.238341436605968
2007-09-05,20.069546189282423
2007-09-06,20.16065267163367
2007-09-07,20.10125884022725
2007-09-10,20.0075792099319
2007-09-11,20.270081237714713
2007-09-12,20.202688513855993
2007-09-13,20.449668856047236
2007-09-14,20.44885999764113
2007-09-17,20.46140036198985
2007-09-18,20.475694018327193
2007-09-19,21.340853052188553
2007-09-20,21.165830782486648
2007-09-21,21.32999679661677
2007-09-24,21.466426228964135
2007-09-25,21.297016788739384
2007-09-26,21.61661192507144
2007-09-27,21.628421630810937
2007-09-28,21.495176484950555
2007-09-30,21.495176484950555
2007-10-01,21.556541315726093
2007-10-02,21.53322178727955
2007-10-03,21.376457282962516
2007-10-04,21.29964563245272
2007-10-05,21.656076201634487
2007-10-08,21.75193558268429
2007-10-09,22.434102477660236
2007-10-10,22.122352469330323
2007-10-11,22.185599594690203
2007-10-12,22.185599594690203
2007-10-15,22.10061062181016
2007-10-16,21.79502831176856
2007-10-17,22.052625056614232
2007-10-18,21.64243876019932
2007-10-19,21.415214133332707
2007-10-22,20.857986048036196
2007-10-23,21.14715793670786
2007-10-24,21.04059825913629
2007-10-25,21.222860882342115
2007-10-26,21.378555666669335
2007-10-29,21.378555666669335
2007-10-30,21.386815544862802
2007-10-31,21.581119517681604
2007-11-01,21.30762787354426
2007-11-02,21.108162944028404
2007-11-05,20.89956896416034
2007-11-06,21.084133251921017
2007-11-07,21.083615244928556
2007-11-08,20.90934666096598
2007-11-09,20.640906286348113
2007-11-12,20.615520771924253
2007-11-13,20.70511524616128
2007-11-14,20.82810405673392
2007-11-15,20.837968327924667
2007-11-16,20.7750949035033
2007-11-19,20.506767334955715
2007-11-20,20.57921616538895
2007-11-21,20.172223713832224
2007-11-22,20.06271039791088
2007-11-23,20.012665956025934
2007-11-26,19.96251839295881
2007-11-27,19.626897239730255
2007-11-28,19.960929943507434
2007-11-29,19.995616870816683
2007-11-30,20.22969134941208
2007-12-03,20.261299104418175
2007-12-04,20.119728147874376
2007-12-05,20.627070189799117
2007-12-06,20.73487220595765
2007-12-07,20.7372638260451
2007-12-10,20.705332848754566
2007-12-11,20.695144762134966
2007-12-12,20.61369440070617
2007-12-13,20.16057404056387
2007-12-14,20.127455435863606
2007-12-17,19.772549335456116
2007-12-18,19.79167163622865
2007-12-19,19.76237986197906
2007-12-20,19.76237986197906
2007-12-21,19.76237986197906
2007-12-24,20.19396494315119
2007-12-25,20.236914337400414
2007-12-26,20.153018744781782
2007-12-27,20.160081718676896
2007-12-28,20.460789473289797
2007-12-31,20.51882711349437
2008-01-01,20.51882711349437
2008-01-02,20.277099357042975
2008-01-03,19.937720422443242
2008-01-04,19.954106031239412
2008-01-07,19.779585077639698
2008-01-08,19.882465922783172
2008-01-09,19.91372549786262
2008-01-10,19.928805871562307
2008-01-11,19.948408924647445
2008-01-14,19.831674359605266
2008-01-15,19.511994729251487
2008-01-16,19.145940272171302
2008-01-17,18.744936427575187
2008-01-18,18.595382080721556
2008-01-21,17.64381824022555
2008-01-22,17.186513339329395
2008-01-23,16.48451517128619
2008-01-24,17.262504098852347
2008-01-25,17.405881959350534
2008-01-28,16.88210046468303
2008-01-29,17.262293881013978
2008-01-30,17.26197222117141
2008-01-31,16.86859847387719
2008-02-01,17.319517087396978
2008-02-04,17.839748506230556
2008-02-05,17.26667636554168
2008-02-06,17.099071794709072
2008-02-07,16.83274901451736
2008-02-08,16.559096559377895
2008-02-11,16.328852010260754
2008-02-12,16.68027205810269
2008-02-13,16.837920590054733
2008-02-14,17.13026851182928
2008-02-15,17.27054244240545
2008-02-18,17.846556748075404
2008-02-19,17.85332804417195
2008-02-20,17.843573020318242
2008-02-21,18.114440918218495
2008-02-22,18.10485591130605
2008-02-25,18.218604489227094
2008-02-26,18.41610507675026
2008-02-27,18.536721205767112
2008-02-28,18.732346594461365
2008-02-29,18.432877417642892
2008-03-03,18.036480818861772
2008-03-04,18.10223031192337
2008-03-05,18.611586444716007
2008-03-06,18.665353432101167
2008-03-07,18.32361336544843
2008-03-10,18.472144936441254
2008-03-11,18.653858710764947
2008-03-12,18.958954928820525
2008-03-13,18.622909752645032
2008-03-14,18.675004335182003
2008-03-17,17.58726266686477
2008-03-18,18.065124862665733
2008-03-19,18.476162031390636
2008-03-20,18.19670262790148
2008-03-21,18.119497062955798
2008-03-24,18.78591845397305
2008-03-25,18.66695303601739
2008-03-26,18.549467839997327
2008-03-27,18.8184910451028
2008-03-28,18.44928149246246
2008-03-31,18.380756596189396
2008-04-01,18.94941633522665
2008-04-02,18.994984432489726
2008-04-03,18.97827175179336
2008-04-04,19.090528936354797
2008-04-07,19.19440008006252
2008-04-08,19.253497846206955
2008-04-09,19.469647709305434
2008-04-10,19.451796381250222
2008-04-11,19.518063718679112
2008-04-14,19.372903398158993
2008-04-15,19.34774781163575
2008-04-16,19.486990956156703
2008-04-17,19.604013694562788
2008-04-18,19.945800128512488
2008-04-21,20.264365690008134
2008-04-22,20.494606316474734
2008-04-23,20.494606316474734
2008-04-24,20.72668927963881
2008-04-25,20.782013066477955
2008-04-28,20.770913423827547
2008-04-29,20.660791831477088
2008-04-30,20.7092690177561
2008-05-01,20.994508655104184
2008-05-02,21.27455646231868
2008-05-05,21.478637142771987
2008-05-06,21.407785366541535
2008-05-07,21.52588776704662
2008-05-08,21.5410205860125
2008-05-09,21.47459080926407
2008-05-12,21.507447534875066
2008-05-13,21.64537092008774
2008-05-14,21.912116273720702
2008-05-15,21.90560226485537
2008-05-16,21.79537374549733
2008-05-19,21.79537374549733
2008-05-20,21.087338731736185
2008-05-21,20.936570828464774
2008-05-22,21.087754605521265
2008-05-23,20.84518389470055
2008-05-26,20.646725613238743
2008-05-27,20.8616516816456
2008-05-28,20.766245306239327
2008-05-29,20.629931495479603
2008-05-30,20.776233087358502
2008-05-31,20.776233087358502
2008-06-02,20.652272746539623
2008-06-03,20.514969280687684
2008-06-04,20.43926828703201
2008-06-05,20.611345047218588
2008-06-06,20.51534437163769
2008-06-09,20.439641993882567
2008-06-10,20.535738101047038
2008-06-11,20.889459854456252
2008-06-12,20.889459854456252
2008-06-13,21.502889240531292
2008-06-16,21.998523212387514
2008-06-17,24.59905076106113
2008-06-18,23.870315101845723
2008-06-19,23.362363071138702
2008-06-20,23.17889922102313
2008-06-23,23.660324341660203
2008-06-24,24.153827413539286
2008-06-25,23.868826500105197
2008-06-26,24.428119818441786
2008-06-27,24.530715869758218
2008-06-30,24.647161274627177
2008-07-01,25.22145447511334
2008-07-02,25.530647375504905
2008-07-03,25.473544433787605
2008-07-04,25.36674097420484
2008-07-07,26.157716393532287
2008-07-08,26.638990634648078
2008-07-09,27.25873406606555
2008-07-10,27.213862154042253
2008-07-11,27.31564174740308
2008-07-14,28.063923568976644
2008-07-15,27.725450566501454
2008-07-16,27.803885070070898
2008-07-17,28.54895226672817
2008-07-18,28.62546666657437
2008-07-21,28.83728148335024
2008-07-22,28.471679941485917
2008-07-23,28.79352161796208
2008-07-24,28.471936797063385
2008-07-25,27.433693216858373
2008-07-28,27.003716585310542
2008-07-29,27.36093215299768
2008-07-30,27.797603139221884
2008-07-31,28.623263217635476
2008-08-01,29.298000899384707
2008-08-04,29.787252142944872
2008-08-05,29.279541931972073
2008-08-06,29.273814225519992
2008-08-07,29.097065919446827
2008-08-08,28.743734486043422
2008-08-11,28.741142436320747
2008-08-12,28.65539963386421
2008-08-13,28.509452996682192
2008-08-14,28.837565981843046
2008-08-15,29.158285725216473
2008-08-18,29.644205727441868
2008-08-19,28.80278952281375
2008-08-20,28.855984450792462
2008-08-21,28.87149755564565
2008-08-22,29.482615655021576
2008-08-25,29.31755155373827
2008-08-26,28.95932318596295
2008-08-27,28.858422104698644
2008-08-28,28.99648320139574
2008-08-29,29.192329779353923
2008-08-31,29.192329779353923
2008-09-01,28.78576283112727
2008-09-02,28.802233035633737
2008-09-03,28.802233035633737
2008-09-04,28.72838115605519
2008-09-05,29.801219108184586
2008-09-08,30.626546386108632
2008-09-09,33.111673996080086
2008-09-10,31.47963663558173
2008-09-11,30.56905781920568
2008-09-12,30.28269662183607
2008-09-15,30.004392451611103
2008-09-16,29.877042494538674
2008-09-17,29.97528822098316
2008-09-18,31.31402293821156
2008-09-19,31.961532583529785
2008-09-22,31.344477669906183
2008-09-23,31.360416384119386
2008-09-24,31.815894517805752
2008-09-25,31.433168881273836
2008-09-26,31.36205311457412
2008-09-29,31.710638929941382
2008-09-30,31.710638929941382
2008-10-01,31.710638929941382
2008-10-02,31.653559779867486
2008-10-03,30.461265839546947
2008-10-06,28.07202104835282
2008-10-07,28.600140385834568
2008-10-08,26.813843253935655
2008-10-09,27.15943947976901
2008-10-10,24.32405614235595
2008-10-13,25.100988611492404
2008-10-14,25.794529676538026
2008-10-15,24.642397959982198
2008-10-16,22.994233010623386
2008-10-17,22.125740026846827
2008-10-20,22.29732181707819
2008-10-21,22.215055913107637
2008-10-22,21.37653363412464
2008-10-23,20.61139085930516
2008-10-24,19.664646812648257
2008-10-27,19.520598641208533
2008-10-28,20.006025387938315
2008-10-29,20.006025387938315
2008-10-30,21.414558214247222
2008-10-31,22.209777897351408
2008-11-03,23.360520189111373
2008-11-04,23.93537421103804
2008-11-05,22.843653656371345
2008-11-06,22.382216047670997
2008-11-07,22.148070701347894
2008-11-10,22.42791723020376
2008-11-11,21.668402338233413
2008-11-12,21.075616726359204
2008-11-13,20.903507335632092
2008-11-14,21.145700997670236
2008-11-17,20.199492441832543
2008-11-18,19.78794630813413
2008-11-19,18.620554630997045
2008-11-20,17.871701004408077
2008-11-21,18.633544937641684
2008-11-24,20.405656410332554
2008-11-25,20.846952687945176
2008-11-26,20.638249922035317
2008-11-27,21.29076318342124
2008-11-28,21.030546522899616
2008-11-30,21.030546522899616
2008-12-01,20.088109218357015
2008-12-02,20.2055425360832
2008-12-03,20.149102473133247
2008-12-04,20.66765431287951
2008-12-05,20.66765431287951
2008-12-08,20.66765431287951
2008-12-09,20.66765431287951
2008-12-10,20.66765431287951
2008-12-11,20.66765431287951
2008-12-12,20.72471575493605
2008-12-15,20.89543005275266
2008-12-16,20.74514467580871
2008-12-17,20.73881257777697
2008-12-18,20.682792014357798
2008-12-19,20.626619303835373
2008-12-22,20.745640299388374
2008-12-23,20.801285791328997
2008-12-24,20.58914661852509
2008-12-25,20.57204520060182
2008-12-26,20.628530772267393
2008-12-29,20.572199448476386
2008-12-30,20.421919230876156
2008-12-31,20.341097845743477
2009-01-01,20.341097845743477
2009-01-02,20.84954693433643
2009-01-05,21.28183409808614
2009-01-06,21.984429093051023
2009-01-07,21.597856579516435
2009-01-08,20.64636582832673
2009-01-09,20.925332395584928
2009-01-12,20.807665248741447
2009-01-13,20.83823451773686
2009-01-14,20.058038221327386
2009-01-15,20.17132309411703
2009-01-16,20.400385387275836
2009-01-19,19.90461335095349
2009-01-20,19.53264559098533
2009-01-21,19.914581164168883
2009-01-22,19.790892533952015
2009-01-23,19.708001197004243
2009-01-26,20.43522948285882
2009-01-27,20.181881596182063
2009-01-28,20.598407172272488
2009-01-29,20.301264284609573
2009-01-30,20.045280678395237
2009-02-02,19.63276564215395
2009-02-03,19.861966305435967
2009-02-04,20.15390624429633
2009-02-05,19.978321243884515
2009-02-06,20.308559545700803
2009-02-09,20.618117861570568
2009-02-10,20.176969830249966
2009-02-11,20.087215177650727
2009-02-12,19.915327450059433
2009-02-13,20.111767415865273
2009-02-16,19.969806323843315
2009-02-17,19.454687830219612
2009-02-18,19.338318861983794
2009-02-19,19.738738324824375
2009-02-20,19.400148159996334
2009-02-23,19.721213538414705
2009-02-24,19.771028275493613
2009-02-25,19.696783761908904
2009-02-26,19.75132361131685
2009-02-27,19.64760203955295
2009-02-28,19.64760203955295
2009-03-02,19.678749276304373
2009-03-03,19.926937930685803
2009-03-04,19.86029265332565
2009-03-05,19.59819666246649
2009-03-06,19.45047219457681
2009-03-09,19.23163154684197
2009-03-10,19.669168999637012
2009-03-11,21.79734493669278
2009-03-12,21.149612197087603
2009-03-13,21.57294224690186
2009-03-16,21.22926645482719
2009-03-17,21.22926645482719
2009-03-18,21.00443507210597
2009-03-19,21.229313450098044
2009-03-20,20.971206295689555
2009-03-23,20.61391583748227
2009-03-24,20.711151289545867
2009-03-25,20.781597382367455
2009-03-26,20.614279014960797
2009-03-27,20.614279014960797
2009-03-30,20.55053665560718
2009-03-31,20.845689277555632
2009-04-01,21.17151839316199
2009-04-02,21.500167925596795
2009-04-03,21.50786642015328
2009-04-06,21.424581104272093
2009-04-07,21.425585611045673
2009-04-08,21.95028300665338
2009-04-09,22.3262414517964
2009-04-10,22.762374843266244
2009-04-13,22.85512219794369
2009-04-14,22.715521978077014
2009-04-15,22.738042089846154
2009-04-16,22.936496635917845
2009-04-17,23.09877302328905
2009-04-20,22.83874599347113
2009-04-21,22.86052815880009
2009-04-22,23.06619807987131
2009-04-23,23.06619807987131
2009-04-24,23.613150255509627
2009-04-27,23.843447099305504
2009-04-28,24.4757024525823
2009-04-29,24.96104201816402
2009-04-30,25.161128756559137
2009-05-01,25.161128756559137
2009-05-04,25.576764476001813
2009-05-05,26.37437809448355
2009-05-06,26.535087535421994
2009-05-07,25.919522679285482
2009-05-08,26.049868703301236
2009-05-11,26.633556087595185
2009-05-12,26.841003092921493
2009-05-13,26.678718085134932
2009-05-14,26.3807990349523
2009-05-15,26.61547182503466
2009-05-18,27.354693965376658
2009-05-19,27.354693965376658
2009-05-20,27.770300433483598
2009-05-21,27.050742067346924
2009-05-22,27.07311085883425
2009-05-25,27.398415456368003
2009-05-26,27.168508988781895
2009-05-27,27.377598752282108
2009-05-28,27.944542899986473
2009-05-29,27.619480560940136
2009-05-31,27.619480560940136
2009-06-01,28.207495675214968
2009-06-02,28.15108068386454
2009-06-03,27.77676041450181
2009-06-04,27.509032603277692
2009-06-05,27.876029815146783
2009-06-08,27.760521404310538
2009-06-09,27.77961806320038
2009-06-10,27.920189624484046
2009-06-11,28.037830872901814
2009-06-12,27.920681161733704
2009-06-15,28.171533837923047
2009-06-16,27.802981327429606
2009-06-17,28.039267287719376
2009-06-18,28.306817548098376
2009-06-19,28.306817548098376
2009-06-22,28.306817548098376
2009-06-23,28.174294994034245
2009-06-24,28.307443836161067
2009-06-25,28.056642122309025
2009-06-26,28.071018760256408
2009-06-29,28.190300709662598
2009-06-30,27.93954428949238
2009-07-01,27.80750485523202
2009-07-02,27.72471255423732
2009-07-03,27.839582071944708
2009-07-06,28.07989234783251
2009-07-07,27.9023581589249
2009-07-08,27.68272946124858
2009-07-09,27.499102620741123
2009-07-10,26.88835230848542
2009-07-13,26.922138793288365
2009-07-14,26.949210516683213
2009-07-15,27.28207310410539
2009-07-16,27.593198517155358
2009-07-17,27.41184361794936
2009-07-20,28.400897634527457
2009-07-21,28.36033960972047
2009-07-22,27.821745459201793
2009-07-23,28.57956975276952
2009-07-24,28.67971318972735
2009-07-27,28.672198368158682
2009-07-28,28.645318711102224
2009-07-29,28.766832632984816
2009-07-30,29.291892616295858
2009-07-31,29.224649828095522
2009-08-03,29.47528971571705
2009-08-04,29.45266256446387
2009-08-05,29.41437453170506
2009-08-06,29.72667110011248
2009-08-07,30.20177570472844
2009-08-10,30.335985510175437
2009-08-11,30.328127383303507
2009-08-12,30.465052427279037
2009-08-13,30.287461230499613
2009-08-14,30.140909602290016
2009-08-17,30.336660504141197
2009-08-18,30.500021735627215
2009-08-19,31.137235452016323
2009-08-20,32.069177059167686
2009-08-21,32.763191048218026
2009-08-24,33.30241692948534
2009-08-25,33.613591819407276
2009-08-26,33.38982342012562
2009-08-27,33.41103124420044
2009-08-28,33.84969049462078
2009-08-31,34.14307931809248
2009-09-01,33.99262139974627
2009-09-02,32.94003782851795
2009-09-03,33.36415604686766
2009-09-04,33.403020255196665
2009-09-07,33.92181368715001
2009-09-08,33.82187560929851
2009-09-09,33.623555816580705
2009-09-10,33.58478294725689
2009-09-11,34.74611975181396
2009-09-14,35.42105842337841
2009-09-15,35.61606498721436
2009-09-16,35.965601173938424
2009-09-17,35.57407447498337
2009-09-18,35.91671771540395
2009-09-21,35.91671771540395
2009-09-22,35.91671771540395
2009-09-23,36.42043026873469
2009-09-24,36.75913946214964
2009-09-25,36.84381150838824
2009-09-28,37.07605405649864
2009-09-29,37.54819782967006
2009-09-30,36.97788595732638
2009-10-01,37.09197245763777
2009-10-02,36.30197854236767
2009-10-05,36.56771619014459
2009-10-06,37.15256362168714
2009-10-07,37.055015340445514
2009-10-08,37.28935158981674
2009-10-09,37.29375551982322
2009-10-12,37.780890542881565
2009-10-13,37.542144961099254
2009-10-14,38.253815716737584
2009-10-15,38.37583224675264
2009-10-16,38.15369159684114
2009-10-19,38.76097669465303
2009-10-20,39.43308129007326
2009-10-21,39.52769676243461
2009-10-22,39.65542158491853
2009-10-23,39.624456214490294
2009-10-26,39.343881679346154
2009-10-27,38.82482949388265
2009-10-28,37.87094692575576
2009-10-29,37.87094692575576
2009-10-30,36.88111712257726
2009-11-02,36.143400929005104
2009-11-03,35.08584139092868
2009-11-04,35.704275386925815
2009-11-05,35.931383979114514
2009-11-06,35.99303063764514
2009-11-09,36.80866158110472
2009-11-10,37.55592276310531
2009-11-11,37.88362715980608
2009-11-12,37.976735362440195
2009-11-13,37.94180171322785
2009-11-16,38.37667232401917
2009-11-17,37.48450644306316
2009-11-18,37.58541813287356
2009-11-19,38.04266520706355
2009-11-20,37.22142171570324
2009-11-23,37.32241208275512
2009-11-24,37.967713674811236
2009-11-25,38.36065441384697
2009-11-26,38.6611793896257
2009-11-27,38.6611793896257
2009-11-30,38.5993215026023
2009-12-01,39.1522483034916
2009-12-02,39.569224910452526
2009-12-03,41.23107885317191
2009-12-04,41.55061791361373
2009-12-07,42.72535225000917
2009-12-08,42.16327444632958
2009-12-09,42.06658322470401
2009-12-10,41.80627495148742
2009-12-11,42.744808747728875
2009-12-14,43.30716154989018
2009-12-15,43.032800375817985
2009-12-16,43.500543879937474
2009-12-17,43.46199056912127
2009-12-18,43.72292336040358
2009-12-21,44.69560870678316
2009-12-22,44.45337254405579
2009-12-23,44.50927442783492
2009-12-24,45.22432063554809
2009-12-25,44.889641347924226
2009-12-28,44.92743726345966
2009-12-29,44.95817069704296
2009-12-30,45.078567997596465
2009-12-31,45.683493653938655
2010-01-01,45.683493653938655
2010-01-04,46.33959881587235
2010-01-05,46.730198731821496
2010-01-06,47.15064189188428
2010-01-07,48.01003266806275
2010-01-08,48.34801107827422
2010-01-11,47.97827192513671
2010-01-12,47.8060290808205
2010-01-13,48.582578135238435
2010-01-14,48.962383843248865
2010-01-15,48.146006993885486
2010-01-18,49.39143561711992
2010-01-19,50.08280240402281
2010-01-20,50.48235740227278
2010-01-21,50.23102404323997
2010-01-22,48.4406069736564
2010-01-25,48.55172746401664
2010-01-26,48.81569589128426
2010-01-27,48.993300592789396
2010-01-28,49.37680351343526
2010-01-29,49.404292128511635
2010-02-01,51.32473364908404
2010-02-02,51.203523311020916
2010-02-03,51.037808823273124
2010-02-04,49.4976803869794
2010-02-05,46.97239407295454
2010-02-08,46.08349759540476
2010-02-09,47.235289089034445
2010-02-10,47.97879073643371
2010-02-11,48.570090563160484
2010-02-12,48.05744079033046
2010-02-15,48.01439048035282
2010-02-16,48.911389383884575
2010-02-17,49.77663991122347
2010-02-18,48.88808198863311
2010-02-19,49.112499160709945
2010-02-22,48.88035015788052
2010-02-23,48.02229320987375
2010-02-24,46.40772855800602
2010-02-25,46.0224320672678
2010-02-26,46.25926859252745
2010-02-28,46.25926859252745
2010-03-01,47.658878549763934
2010-03-02,50.380114337688994
2010-03-03,52.371044613280134
2010-03-04,51.86282283098859
2010-03-05,47.638701514437486
2010-03-08,46.82326428130747
2010-03-09,46.69222902678889
2010-03-10,46.045591611414615
2010-03-11,45.20598869335619
2010-03-12,45.41409743870689
2010-03-14,45.41409743870689
2010-03-15,45.469749836146434
2010-03-16,45.44796407376998
2010-03-17,44.89741924122185
2010-03-18,45.08923915660912
2010-03-19,45.11179028049639
2010-03-21,45.11179028049639
2010-03-22,46.03154522796282
2010-03-23,47.861521901372164
2010-03-24,47.48942066210007
2010-03-25,45.84048244466605
2010-03-26,45.23320800082317
2010-03-28,45.23320800082317
2010-03-29,45.0905374104957
2010-03-30,44.445157581146994
2010-03-31,44.13954254866366
2010-04-01,44.00765148527124
2010-04-02,43.81425652607172
2010-04-04,43.81425652607172
2010-04-05,43.62107477173423
2010-04-06,43.79106630268192
2010-04-07,44.161572248742516
2010-04-08,43.813154957615744
2010-04-09,44.04060912565141
2010-04-11,44.04060912565141
2010-04-12,44.243651083136456
2010-04-13,44.28923285154096
2010-04-14,44.66385955553798
2010-04-15,44.45256768460599
2010-04-16,44.14219128404579
2010-04-18,44.14219128404579
2010-04-19,43.80197529254743
2010-04-20,44.90529078381527
2010-04-21,44.55552659343891
2010-04-22,44.65769295535027
2010-04-23,44.65769295535027
2010-04-25,44.65769295535027
2010-04-26,44.81339233133589
2010-04-27,44.74234083516216
2010-04-28,44.13809163344429
2010-04-29,44.83901772176261
2010-04-30,45.044608091882836
2010-05-02,45.044608091882836
2010-05-03,44.62436025724032
2010-05-04,43.89560211574357
2010-05-05,43.755380243319095
2010-05-06,43.26264660446707
2010-05-07,41.62439205550036
2010-05-09,41.62439205550036
2010-05-10,44.250594654537906
2010-05-11,44.06086474811215
2010-05-12,44.47840803522363
2010-05-13,44.096584638458424
2010-05-14,42.910266154325164
2010-05-16,42.910266154325164
2010-05-17,42.98856186333476
2010-05-18,43.82289219641384
2010-05-19,43.82289219641384
2010-05-20,41.5516042449925
2010-05-21,41.327489248584854
2010-05-23,41.327489248584854
2010-05-24,42.33326880049087
2010-05-25,40.536546213697086
2010-05-26,41.178705906791514
2010-05-27,41.457039938031535
2010-05-28,41.6149918475827
2010-05-30,41.6149918475827
2010-05-31,41.41428030895397
2010-06-01,42.05968245619065
2010-06-02,42.51793286334427
2010-06-03,42.62760001106822
2010-06-04,42.654354103484195
2010-06-06,42.654354103484195
2010-06-07,42.5668935702502
2010-06-08,42.00546412453789
2010-06-09,42.55147152644284
2010-06-10,42.742284803813504
2010-06-11,43.153801813704554
2010-06-13,43.153801813704554
2010-06-14,43.57892703026317
2010-06-15,43.9656076508731
2010-06-16,43.92083330777172
2010-06-17,44.174506133304575
2010-06-18,44.91526021450039
2010-06-20,44.91526021450039
2010-06-21,44.940867250065544
2010-06-22,44.501504166858915
2010-06-23,44.131952374489614
2010-06-24,44.15541948145567
2010-06-25,44.01014315644987
2010-06-27,44.01014315644987
2010-06-28,44.27504652874831
2010-06-29,43.75078621668357
2010-06-30,44.13877965966584
2010-07-01,43.885083951635494
2010-07-02,44.9116574990001
2010-07-04,44.9116574990001
2010-07-05,44.72703169770736
2010-07-06,44.842960582413006
2010-07-07,44.192688055359554
2010-07-08,44.96342128015483
2010-07-09,46.01194511851375
2010-07-11,46.01194511851375
2010-07-12,46.010593342892065
2010-07-13,46.0818842938521
2010-07-14,45.96087491047335
2010-07-15,45.55422557912146
2010-07-16,45.1590115111127
2010-07-18,45.1590115111127
2010-07-19,45.23479354118274
2010-07-20,45.23902473363296
2010-07-21,45.65659458252042
2010-07-22,45.40250135845753
2010-07-23,45.25253333479584
2010-07-25,45.25253333479584
2010-07-26,45.415405534091754
2010-07-27,45.74822240017552
2010-07-28,46.092487010910716
2010-07-29,46.15423335625825
2010-07-30,46.0537398672862
2010-08-01,46.0537398672862
2010-08-02,46.92092732279829
2010-08-03,46.889147283280465
2010-08-04,47.24966531368743
2010-08-05,47.019663854402886
2010-08-06,47.49794672262747
2010-08-08,47.49794672262747
2010-08-09,47.54499162554786
2010-08-10,47.08904893150892
2010-08-11,46.40153393851763
2010-08-12,46.889133812169675
2010-08-13,46.872825138029185
2010-08-15,46.872825138029185
2010-08-16,47.05361910851043
2010-08-17,47.481354825155776
2010-08-18,47.82768086483564
2010-08-19,47.4458029002213
2010-08-20,47.752754499112896
2010-08-22,47.752754499112896
2010-08-23,47.87347456975732
2010-08-24,47.51301565871994
2010-08-25,47.73850175884995
2010-08-26,48.00955801690186
2010-08-27,48.43072909408727
2010-08-29,48.43072909408727
2010-08-30,48.43072909408727
2010-08-31,49.13609409513387
2010-09-01,49.583797731463186
2010-09-02,49.71706635780255
2010-09-03,50.09458069516644
2010-09-05,50.09458069516644
2010-09-06,50.35234857688556
2010-09-07,49.853793076868975
2010-09-08,49.451794062887984
2010-09-09,49.451794062887984
2010-09-10,49.451794062887984
2010-09-12,49.451794062887984
2010-09-13,51.55250830681135
2010-09-14,51.61358180771806
2010-09-15,51.59383065653461
2010-09-16,51.875891244867454
2010-09-17,51.34610930491131
2010-09-19,51.34610930491131
2010-09-20,51.71800031754093
2010-09-21,51.51049775774323
2010-09-22,51.55555018446837
2010-09-23,51.01081586938361
2010-09-24,51.26519661397556
2010-09-26,51.26519661397556
2010-09-27,51.65544411435835
2010-09-28,51.7268672260971
2010-09-29,52.12658120529074
2010-09-30,53.26704821664868
2010-10-01,52.878554016327556
2010-10-03,52.85740259472103
2010-10-04,52.88198870634076
2010-10-05,53.13102459224478
2010-10-06,53.23153627772042
2010-10-07,53.29872104304042
2010-10-08,53.31297234871276
2010-10-10,53.31297234871276
2010-10-11,53.96718105454239
2010-10-12,54.17851570954009
2010-10-13,54.511092212648265
2010-10-14,54.26747672320818
2010-10-15,54.6352905917743
2010-10-17,54.6352905917743
2010-10-18,54.909487124138806
2010-10-19,54.59325490518296
2010-10-20,55.053948037849054
2010-10-21,56.24086460944137
2010-10-22,56.23345957172131
2010-10-24,56.23345957172131
2010-10-25,56.74947032832372
2010-10-26,56.2410774792484
2010-10-27,54.5501206216198
2010-10-28,54.97222454935164
2010-10-29,54.97222454935164
2010-10-31,54.97222454935164
2010-11-01,55.628534132258636
2010-11-02,55.16917841487221
2010-11-03,54.890103293785096
2010-11-04,57.0893592521178
2010-11-05,57.18351905353486
2010-11-07,57.18351905353486
2010-11-08,57.77471335749214
2010-11-09,58.0969999202903
2010-11-10,57.05025701800884
2010-11-11,57.54198610202509
2010-11-12,57.38274756284513
2010-11-14,57.38274756284513
2010-11-15,58.281345347584185
2010-11-16,58.281345347584185
2010-11-17,58.281345347584185
2010-11-18,58.281345347584185
2010-11-19,58.281345347584185
2010-11-21,58.281345347584185
2010-11-22,57.903036542537954
2010-11-23,55.74639063563387
2010-11-24,56.96429841972166
2010-11-25,57.49634360821866
2010-11-26,56.757352824706246
2010-11-28,56.757352824706246
2010-11-29,55.34042917385062
2010-11-30,56.409156025589986
2010-12-01,57.57623454776627
2010-12-02,57.8640874972201
2010-12-03,58.1127940855419
2010-12-05,58.1127940855419
2010-12-06,58.53836599776107
2010-12-07,59.190889509444844
2010-12-08,58.99935070580884
2010-12-09,58.29096131771135
2010-12-10,57.79025376734905
2010-12-12,57.79025376734905
2010-12-13,58.903048666921734
2010-12-14,58.905137824583534
2010-12-15,58.63852823082676
2010-12-16,58.281154638558824
2010-12-17,57.365685732145586
2010-12-19,57.365685732145586
2010-12-20,56.756615162182236
2010-12-21,58.305316242218964
2010-12-22,58.622264058597096
2010-12-23,58.79237137293889
2010-12-24,58.77875132153319
2010-12-26,58.77875132153319
2010-12-27,58.68877920740866
2010-12-28,59.15853717569537
2010-12-29,59.517150707333634
2010-12-30,59.664373528297524
2010-12-31,58.900317198152095
2011-01-02,58.900317198152095
2011-01-03,61.280313356539814
2011-01-04,61.79155781599873
2011-01-05,62.44135571686535
2011-01-06,62.74889305257745
2011-01-07,62.690190242206974
2011-01-09,62.690190242206974
2011-01-10,62.92194100831415
2011-01-11,63.28840156807775
2011-01-12,64.21859659866807
2011-01-13,64.70308617128211
2011-01-14,64.36673071377375
2011-01-16,64.36673071377375
2011-01-17,63.94592434258811
2011-01-18,63.992389346504254
2011-01-19,64.03205690611075
2011-01-20,62.595187556326735
2011-01-21,63.4306776317029
2011-01-23,63.4306776317029
2011-01-24,63.18100611339777
2011-01-25,62.49521561799415
2011-01-26,63.85896790290734
2011-01-27,62.55713130917834
2011-01-28,60.757521252092175
2011-01-30,60.757521252092175
2011-01-31,60.81628120507813
2011-02-01,61.741164069544396
2011-02-02,61.70033302456537
2011-02-03,60.94791042401859
2011-02-04,61.373556810721674
2011-02-06,61.373556810721674
2011-02-07,61.31020344845202
2011-02-08,61.70594747586943
2011-02-09,62.237784643143236
2011-02-10,61.62853467017189
2011-02-11,61.773041575458635
2011-02-13,61.773041575458635
2011-02-14,61.70159121742337
2011-02-15,61.99746867973138
2011-02-16,62.67784629998714
2011-02-17,62.27831792081951
2011-02-18,62.166209339681096
2011-02-20,62.166209339681096
2011-02-21,61.524888817333014
2011-02-22,61.27162623223417
2011-02-23,60.5516678267451
2011-02-24,57.893864491399086
2011-02-25,59.08974049213579
2011-02-27,59.08974049213579
2011-02-28,59.19234507884809
2011-03-01,57.79995425547442
2011-03-02,57.65050818316824
2011-03-03,58.95964706417313
2011-03-04,59.903378250304485
2011-03-06,59.903378250304485
2011-03-07,59.626066343049736
2011-03-08,61.21385345294614
2011-03-09,61.55980283273368
2011-03-10,62.06201231119719
2011-03-11,62.511990824965025
2011-03-13,62.511990824965025
2011-03-14,63.174239522134584
2011-03-15,62.63437924121662
2011-03-16,62.454065213333934
2011-03-17,62.99183840066927
2011-03-18,63.34389297541418
2011-03-20,63.34389297541418
2011-03-21,63.952374655745366
2011-03-22,64.4382665711845
2011-03-23,64.3135426106364
2011-03-24,65.15864049425535
2011-03-25,65.17583244378609
2011-03-27,65.17583244378609
2011-03-28,65.07820302159823
2011-03-29,65.39172632281262
2011-03-30,66.1178653694693
2011-03-31,67.32954173614267
2011-04-01,67.49479227675339
2011-04-03,67.45429540138733
2011-04-04,68.63019659964142
2011-04-05,68.75491132782857
2011-04-06,69.79458943874265
2011-04-07,69.32100818339478
2011-04-08,68.98583665067143
2011-04-10,68.98583665067143
2011-04-11,69.35366382211666
2011-04-12,69.394307820531
2011-04-13,70.2058228466581
2011-04-14,69.95046890577702
2011-04-15,70.52211894634972
2011-04-17,70.52211894634972
2011-04-18,69.19744146126722
2011-04-19,70.66205603695852
2011-04-20,71.45386776454947
2011-04-21,72.17157071795123
2011-04-22,72.6975314549909
2011-04-24,72.6975314549909
2011-04-25,74.30570446882983
2011-04-26,73.46438629931727
2011-04-27,73.8838155675915
2011-04-28,75.20112955894511
2011-04-29,75.85201663049904
2011-05-01,75.85201663049904
2011-05-02,76.17702053008115
2011-05-03,76.6278849486955
2011-05-04,76.14915282822032
2011-05-05,75.22685052744902
2011-05-06,75.03907611861219
2011-05-08,75.03907611861219
2011-05-09,75.66902846509764
2011-05-10,74.546769118603
2011-05-11,76.01303030280377
2011-05-12,75.69998864855017
2011-05-13,73.95746168523938
2011-05-15,73.95746168523938
2011-05-16,73.57381859578513
2011-05-17,73.94011556461938
2011-05-18,72.55462060805819
2011-05-19,72.55462060805819
2011-05-20,72.2686758730801
2011-05-22,72.2686758730801
2011-05-23,71.02531736048158
2011-05-24,72.77463937087833
2011-05-25,73.40914835042767
2011-05-26,73.63968596269554
2011-05-27,72.55888767316048
2011-05-29,72.55888767316048
2011-05-30,70.53544948405471
2011-05-31,70.9028832563417
2011-06-01,71.94651776151885
2011-06-02,72.29556131026602
2011-06-03,72.53141929606508
2011-06-05,72.53141929606508
2011-06-06,73.0061462461163
2011-06-07,73.19402068035807
2011-06-08,73.27512966778926
2011-06-09,72.56643514199038
2011-06-10,72.75537351310406
2011-06-12,72.75537351310406
2011-06-13,73.33495301784805
2011-06-14,72.72885812527882
2011-06-15,71.34067664830093
2011-06-16,69.61087878421323
2011-06-17,70.57299139949595
2011-06-19,70.57299139949595
2011-06-20,69.93887074391395
2011-06-21,70.50667957191901
2011-06-22,69.63446413666499
2011-06-23,69.54332649503964
2011-06-24,70.61446239446542
2011-06-26,70.61446239446542
2011-06-27,70.91200279089666
2011-06-28,71.91299954714812
2011-06-29,72.0215461126453
2011-06-30,72.42667159048095
2011-07-01,72.57236730268939
2011-07-03,72.54333835576831
2011-07-04,73.27040748399622
2011-07-05,72.70812177018372
2011-07-06,72.04448887314237
2011-07-07,71.95942313922596
2011-07-08,71.86577448191603
2011-07-10,71.86577448191603
2011-07-11,71.66267848781153
2011-07-12,71.2481287287239
2011-07-13,71.9234695545545
2011-07-14,71.7143348348045
2011-07-15,71.76797848493874
2011-07-17,71.76797848493874
2011-07-18,71.68861720275329
2011-07-19,71.95827289774171
2011-07-20,70.90444061803181
2011-07-21,69.93257214321757
2011-07-22,68.71130277900798
2011-07-24,68.71130277900798
2011-07-25,69.27836005197497
2011-07-26,70.3915272390212
2011-07-27,70.52622559185275
2011-07-28,71.19245947373003
2011-07-29,70.47912323854308
2011-07-31,70.47912323854308
2011-08-01,70.39791787775384
2011-08-02,69.63444258463791
2011-08-03,68.41341996310187
2011-08-04,66.95292768259853
2011-08-05,62.90266335169765
2011-08-07,62.90266335169765
2011-08-08,57.911080641072125
2011-08-09,57.53681478653283
2011-08-10,56.62693336615531
2011-08-11,60.899595565611605
2011-08-12,61.8866512656982
2011-08-14,61.8866512656982
2011-08-15,63.2400318678213
2011-08-16,63.243959237390435
2011-08-17,63.79140029734309
2011-08-18,61.93897455964714
2011-08-19,63.09602912300132
2011-08-21,63.09602912300132
2011-08-22,62.93170013957646
2011-08-23,62.07980742568361
2011-08-24,61.932327225975655
2011-08-25,61.951507860849276
2011-08-26,62.37984309895746
2011-08-28,62.37984309895746
2011-08-29,62.354752476450024
2011-08-30,62.354752476450024
2011-08-31,62.254984872487704
2011-09-01,62.254984872487704
2011-09-02,63.88973212611977
2011-09-04,63.88973212611977
2011-09-05,62.98884706911777
2011-09-06,63.62956427129385
2011-09-07,65.05664666694281
2011-09-08,66.49578252603686
2011-09-09,65.34182006713276
2011-09-11,65.34182006713276
2011-09-12,64.93267309169238
2011-09-13,65.76715940457719
2011-09-14,65.73467771846198
2011-09-15,67.05425236062217
2011-09-16,67.59034863203291
2011-09-18,67.59034863203291
2011-09-19,67.57328076034315
2011-09-20,69.0771376377192
2011-09-21,69.04646975867533
2011-09-22,65.87553950543229
2011-09-23,64.05539439944123
2011-09-25,64.05539439944123
2011-09-26,65.03858305177476
2011-09-27,68.27903920710348
2011-09-28,69.3369786299117
2011-09-29,70.35115173033024
2011-09-30,69.78495581928172
2011-10-02,69.78495581928172
2011-10-03,71.16249822787292
2011-10-04,68.49255497616632
2011-10-05,69.00110029558356
2011-10-06,69.14507570007137
2011-10-07,70.06681903728052
2011-10-09,70.06681903728052
2011-10-10,70.70377361398806
2011-10-11,71.09049878665415
2011-10-12,71.56933406444064
2011-10-13,71.16623813167772
2011-10-14,71.39849106778864
2011-10-16,71.39849106778864
2011-10-17,71.06283642081358
2011-10-18,71.11467041144299
2011-10-19,70.54315121024509
2011-10-20,70.5286538545631
2011-10-21,70.95122274346922
2011-10-23,70.95122274346922
2011-10-24,71.19070430936792
2011-10-25,70.85728396060095
2011-10-26,70.10833015223358
2011-10-27,72.15339501129868
2011-10-28,72.49497654288145
2011-10-30,72.49497654288145
2011-10-31,70.6933555875551
2011-11-01,69.34566190781437
2011-11-02,70.34479473364848
2011-11-03,70.97723658807978
2011-11-04,70.9665860994615
2011-11-06,70.9665860994615
2011-11-07,70.9665860994615
2011-11-08,70.9665860994615
2011-11-09,70.9665860994615
2011-11-10,70.71157530356328
2011-11-11,71.02092334949255
2011-11-13,71.02092334949255
2011-11-14,71.0630091088261
2011-11-15,71.3841386870346
2011-11-16,71.64389090059632
2011-11-17,71.18796915983235
2011-11-18,70.41472967479984
2011-11-20,70.41472967479984
2011-11-21,68.12496594899592
2011-11-22,67.5353225751815
2011-11-23,66.62051305266286
2011-11-24,65.074968371103
2011-11-25,66.58583896355749
2011-11-27,66.58583896355749
2011-11-28,67.00662531603619
2011-11-29,66.61415595222135
2011-11-30,70.45565429367761
2011-12-01,69.98540596392772
2011-12-02,70.19341868567011
2011-12-04,70.19341868567011
2011-12-05,70.18676149140771
2011-12-06,69.9944145414747
2011-12-07,71.00578385557861
2011-12-08,69.84202452687526
2011-12-09,69.96051498135854
2011-12-11,69.96051498135854
2011-12-12,68.1636004890233
2011-12-13,68.56721973608212
2011-12-14,66.9731064613384
2011-12-15,67.14334346099943
2011-12-16,66.60458296010485
2011-12-18,66.60458296010485
2011-12-19,65.7579900012351
2011-12-20,67.1034068264335
2011-12-21,67.46764389957742
2011-12-22,67.63498142631101
2011-12-23,68.01749140226151
2011-12-25,68.01749140226151
2011-12-26,68.46625239692027
2011-12-27,69.94603255505089
2011-12-28,69.25567419472515
2011-12-29,68.53298930740982
2011-12-30,68.04330660256524
2011-12-31,68.04330660256524
2012-01-01,67.9072199893601
2012-01-02,67.6293080811142
2012-01-03,68.54335931768136
2012-01-04,66.93808357028708
2012-01-05,66.36834261526559
2012-01-06,65.60023110267468
2012-01-08,65.60023110267468
2012-01-09,65.87690886144539
2012-01-10,67.94508529718709
2012-01-11,69.62636986223212
2012-01-12,70.90231439285853
2012-01-13,71.5230673108429
2012-01-15,71.5230673108429
2012-01-16,73.44413670528853
2012-01-17,75.40772981145558
2012-01-18,76.15146517229694
2012-01-19,75.80001158624755
2012-01-20,75.80171788174627
2012-01-22,75.80171788174627
2012-01-23,76.93604038563844
2012-01-24,77.77566790037352
2012-01-25,77.0881377357946
2012-01-26,78.61198605742187
2012-01-27,78.51889723855263
2012-01-29,78.51889723855263
2012-01-30,79.71483884515123
2012-01-31,79.98026436702152
2012-02-01,82.29700106094755
2012-02-02,83.24383821596291
2012-02-03,82.41303265958878
2012-02-05,82.41303265958878
2012-02-06,81.55794504315514
2012-02-07,82.47220176692295
2012-02-08,84.36115760817836
2012-02-09,83.87710664507576
2012-02-10,83.72215886468268
2012-02-12,83.72215886468268
2012-02-13,84.71956259234054
2012-02-14,82.72458831540601
2012-02-15,82.38397844147566
2012-02-16,82.437519693544
2012-02-17,83.33327918708882
2012-02-19,83.33327918708882
2012-02-20,83.21356760525686
2012-02-21,82.82274387845952
2012-02-22,82.20356872878122
2012-02-23,81.17944347484071
2012-02-24,81.75305544260351
2012-02-26,81.75305544260351
2012-02-27,80.9424230625656
2012-02-28,82.92938400700444
2012-02-29,83.74458808356069
2012-03-01,83.43379819616362
2012-03-02,83.6909194204635
2012-03-04,83.6909194204635
2012-03-05,83.35022551706618
2012-03-06,82.21908478781054
2012-03-07,82.47829624151676
2012-03-08,82.81671437079105
2012-03-09,83.07850545790811
2012-03-11,83.07850545790811
2012-03-12,82.30462870925913
2012-03-13,83.02973833966536
2012-03-14,83.61288809654108
2012-03-15,83.76500871291239
2012-03-16,84.18600323360045
2012-03-18,84.18600323360045
2012-03-19,84.683852021674
2012-03-20,84.78018869302493
2012-03-21,86.35091811161116
2012-03-22,87.00861755257641
2012-03-23,86.2182635375841
2012-03-25,86.2182635375841
2012-03-26,88.41012088955709
2012-03-27,87.6318436643892
2012-03-28,86.20322985514811
2012-03-29,85.82751317342509
2012-03-30,86.4703849543637
2012-03-31,86.4703849543637
2012-04-01,86.29744418445496
2012-04-02,86.508269227154
2012-04-03,86.09958951207523
2012-04-04,85.17241817589164
2012-04-05,85.59340236583986
2012-04-06,84.97039846920202
2012-04-08,84.97039846920202
2012-04-09,85.06120324488728
2012-04-10,83.83654604505668
2012-04-11,83.74732141242147
2012-04-12,84.87745346700794
2012-04-13,83.65901569191621
2012-04-15,83.65901569191621
2012-04-16,84.43894443081908
2012-04-17,84.93999025937914
2012-04-18,85.59970425470108
2012-04-19,85.86990585559477
2012-04-20,87.11974658145817
2012-04-22,87.11974658145817
2012-04-23,87.11974658145817
2012-04-24,89.54442922634101
2012-04-25,87.30334661630337
2012-04-26,89.03803676163638
2012-04-27,89.44901243403342
2012-04-29,89.44901243403342
2012-04-30,89.3460715289661
2012-05-01,89.3460715289661
2012-05-02,87.90774295765898
2012-05-03,88.16090237429243
2012-05-04,86.75436264939269
2012-05-06,86.75436264939269
2012-05-07,86.19658235105337
2012-05-08,87.17310227630779
2012-05-09,86.6110068601059
2012-05-10,87.75781652558643
2012-05-11,87.71455725674716
2012-05-13,87.71455725674716
2012-05-14,85.90562563926386
2012-05-15,84.80511888861098
2012-05-16,84.99479939787405
2012-05-17,83.9795459606535
2012-05-18,82.8338060109634
2012-05-20,82.8338060109634
2012-05-21,83.18255989028081
2012-05-22,83.19004157637085
2012-05-23,81.5434760801992
2012-05-24,79.95472508336884
2012-05-25,79.55193945279682
2012-05-27,79.55193945279682
2012-05-28,79.63812895525226
2012-05-29,80.4286376245408
2012-05-30,80.26477157130728
2012-05-31,79.95159839709204
2012-06-01,80.49087860745867
2012-06-03,80.4103877288512
2012-06-04,80.65046754353445
2012-06-05,82.06533550738767
2012-06-06,81.96877605157776
2012-06-07,83.18190000329538
2012-06-08,83.53560214957528
2012-06-10,83.53560214957528
2012-06-11,83.62163215153042
2012-06-12,83.58483479335965
2012-06-13,84.12501354003521
2012-06-14,84.05597407049069
2012-06-15,84.2147792773859
2012-06-17,84.2147792773859
2012-06-18,83.92818603882013
2012-06-19,84.85122654707307
2012-06-20,85.01515691538214
2012-06-21,85.42574590181287
2012-06-22,85.06704906143595
2012-06-24,85.06704906143595
2012-06-25,83.51333321284862
2012-06-26,84.05467308764636
2012-06-27,84.82005107087832
2012-06-28,84.15640127612359
2012-06-29,85.87339308095021
2012-06-30,85.87339308095021
2012-07-01,85.7016462947883
2012-07-02,86.2661859009777
2012-07-03,87.59672802670475
2012-07-04,87.49250219620323
2012-07-05,86.36510622427738
2012-07-06,86.98148035167213
2012-07-08,86.98148035167213
2012-07-09,87.18162173206952
2012-07-10,87.21439979806931
2012-07-11,86.66741160972522
2012-07-12,86.41675606535725
2012-07-13,86.70550078659812
2012-07-15,86.70550078659812
2012-07-16,86.85246577503023
2012-07-17,86.68161865994897
2012-07-18,86.51919674595118
2012-07-19,86.61337320808171
2012-07-20,86.39022407743037
2012-07-22,86.39022407743037
2012-07-23,84.94871425181475
2012-07-24,85.28691617165765
2012-07-25,86.05162509897877
2012-07-26,87.78653290137068
2012-07-27,88.11501283883103
2012-07-29,88.11501283883103
2012-07-30,88.55433684839414
2012-07-31,87.58641344743005
2012-08-01,87.09453938923015
2012-08-02,86.43615715890104
2012-08-03,86.78285636202946
2012-08-05,86.78285636202946
2012-08-06,87.24326972381031
2012-08-07,86.86289508439208
2012-08-08,87.55196132830727
2012-08-09,87.1316122397635
2012-08-10,88.09628681231663
2012-08-12,88.09628681231663
2012-08-13,87.86812536903543
2012-08-14,87.43146840673776
2012-08-15,87.58194237935459
2012-08-16,87.49187555400077
2012-08-17,88.06772905789526
2012-08-19,88.06772905789526
2012-08-20,88.06772905789526
2012-08-21,88.06772905789526
2012-08-22,88.70600945371756
2012-08-23,88.87833533526029
2012-08-24,89.62074620791462
2012-08-26,89.62074620791462
2012-08-27,89.47977887089489
2012-08-28,89.64623768150545
2012-08-29,89.82115091522844
2012-08-30,89.82115091522844
2012-08-31,90.52642058432583
2012-09-02,90.52642058432583
2012-09-03,90.36567268999119
2012-09-04,89.65409554552014
2012-09-05,89.98658268483835
2012-09-06,90.3044069343522
2012-09-07,90.84338492566775
2012-09-09,90.84338492566775
2012-09-10,90.97930724317519
2012-09-11,91.1196662114362
2012-09-12,91.45040010263963
2012-09-13,91.4255032413425
2012-09-14,92.65587160584666
2012-09-16,92.65587160584666
2012-09-17,92.19854063618888
2012-09-18,92.3050280592684
2012-09-19,92.33125256737249
2012-09-20,92.42436807932013
2012-09-21,92.22164576023216
2012-09-23,92.22164576023216
2012-09-24,91.85844810297016
2012-09-25,91.55982176682325
2012-09-26,90.49963310015215
2012-09-27,90.42200534305003
2012-09-28,90.58010226248992
2012-09-30,90.58010226248992
2012-10-01,90.31240658111642
2012-10-02,91.2287678783241
2012-10-03,90.65787287279696
2012-10-04,90.02122331506379
2012-10-05,89.95643252050041
2012-10-07,89.95643252050041
2012-10-08,89.6600465850934
2012-10-09,90.03789637298675
2012-10-10,89.90699355194937
2012-10-11,91.55023899360148
2012-10-12,91.82224361442944
2012-10-14,91.82224361442944
2012-10-15,91.65629089639941
2012-10-16,92.46975749706056
2012-10-17,92.8090335485694
2012-10-18,93.23270298389401
2012-10-19,92.70762820706112
2012-10-21,92.70762820706112
2012-10-22,92.8912379416776
2012-10-23,92.73190606705577
2012-10-24,92.80828037214961
2012-10-25,92.80828037214961
2012-10-26,92.80828037214961
2012-10-28,92.80828037214961
2012-10-29,92.80828037214961
2012-10-30,93.56657299561999
2012-10-31,94.57288586042685
2012-11-01,94.01998608069123
2012-11-02,93.98565788453921
2012-11-04,93.98565788453921
2012-11-05,96.46476458783992
2012-11-06,96.84707270311222
2012-11-07,95.75703983233038
2012-11-08,95.18811405968934
2012-11-09,94.0254671199432
2012-11-11,94.0254671199432
2012-11-12,93.01168678628478
2012-11-13,94.84862921421444
2012-11-14,94.47275167609202
2012-11-15,94.45740609998667
2012-11-16,95.95453539755896
2012-11-18,95.95453539755896
2012-11-19,96.22811358649776
2012-11-20,97.25790961982642
2012-11-21,96.9245000050111
2012-11-22,96.20697962266209
2012-11-23,98.48458628174116
2012-11-25,98.48458628174116
2012-11-26,100.0265545071027
2012-11-27,99.97859252497042
2012-11-28,100.59298586169002
2012-11-29,100.62356551710886
2012-11-30,101.69657558820566
2012-12-02,101.69657558820566
2012-12-03,104.13530339086974
2012-12-04,105.25683175451461
2012-12-05,104.9724793600228
2012-12-06,106.18044211483489
2012-12-07,106.21645565487967
2012-12-09,106.21645565487967
2012-12-10,106.31688680096107
2012-12-11,105.9664208457833
2012-12-12,105.99948626871596
2012-12-13,106.01200140056433
2012-12-14,105.10560261483934
2012-12-16,105.10560261483934
2012-12-17,105.41496379671948
2012-12-18,106.55584640086732
2012-12-19,106.23650345227547
2012-12-20,106.60436886818641
2012-12-21,105.51113395396483
2012-12-23,105.51113395396483
2012-12-24,106.03908640139286
2012-12-25,108.04025536284519
2012-12-26,108.81885488694886
2012-12-27,109.03351438155707
2012-12-28,109.57631520148631
2012-12-30,109.57631520148631
2012-12-31,110.83449339459695
2013-01-01,110.83449339459695
2013-01-02,112.4323806472407
2013-01-03,112.49801924339366
2013-01-04,112.22304099325106
2013-01-06,112.22304099325106
2013-01-07,112.79216390577962
2013-01-08,111.71147965379441
2013-01-09,112.85210964529072
2013-01-10,113.88012370483742
2013-01-11,113.51421069965963
2013-01-13,113.51421069965963
2013-01-14,115.23634885200184
2013-01-15,115.42507611555818
2013-01-16,116.03689764295972
2013-01-17,116.82071839285192
2013-01-18,116.68530142678645
2013-01-20,116.68530142678645
2013-01-21,116.63611707235327
2013-01-22,116.2424451907342
2013-01-23,116.70289823260639
2013-01-24,117.51326748843961
2013-01-25,117.63498559435305
2013-01-27,117.63498559435305
2013-01-28,114.96746328953486
2013-01-29,115.277019045797
2013-01-30,112.89733882775306
2013-01-31,112.64568953201484
2013-02-01,113.88630377858458
2013-02-03,113.84074925707314
2013-02-04,114.63129958962405
2013-02-05,115.26554676448802
2013-02-06,115.4110885367308
2013-02-07,114.44139465820588
2013-02-08,114.11893873440168
2013-02-10,114.11893873440168
2013-02-11,112.8104877173898
2013-02-12,113.73041308996629
2013-02-13,114.34259754096443
2013-02-14,113.07972671310246
2013-02-15,113.34651174542662
2013-02-17,113.34651174542662
2013-02-18,113.45820212848939
2013-02-19,113.80031689038712
2013-02-20,114.6108099502563
2013-02-21,113.21978356625068
2013-02-22,112.19755473042291
2013-02-24,112.19755473042291
2013-02-25,112.63844941533081
2013-02-26,112.9161166657757
2013-02-27,117.14210961014241
2013-02-28,118.28375748403731
2013-03-01,118.59374934048884
2013-03-03,118.52259309088454
2013-03-04,121.9528133006253
2013-03-05,124.5411273756072
2013-03-06,126.43790191910425
2013-03-07,125.52980543686274
2013-03-08,126.5008186164694
2013-03-10,126.5008186164694
2013-03-11,126.00996611435701
2013-03-12,127.06638629731839
2013-03-13,126.77746433887191
2013-03-14,124.90269790053951
2013-03-15,126.50460592468295
2013-03-17,126.50460592468295
2013-03-18,128.082453151251
2013-03-19,127.62568610386839
2013-03-20,126.81751663103185
2013-03-21,126.85794613313774
2013-03-22,127.90725470398606
2013-03-24,127.90725470398606
2013-03-25,128.88366085144634
2013-03-26,132.83005574911923
2013-03-27,134.05810395883896
2013-03-28,133.01111910629731
2013-03-29,133.22225889928632
2013-03-31,133.22225889928632
2013-04-01,132.48216013576874
2013-04-02,132.2373214668369
2013-04-03,130.91520660102802
2013-04-04,129.31180848800335
2013-04-05,128.6475431471898
2013-04-07,128.6475431471898
2013-04-08,129.58483591203617
2013-04-09,130.32492825411916
2013-04-10,130.3051926715239
2013-04-11,131.42503880983568
2013-04-12,130.39713174555396
2013-04-14,130.39713174555396
2013-04-15,129.3930441190355
2013-04-16,130.07305350420614
2013-04-17,130.0443639675803
2013-04-18,128.37299978368077
2013-04-19,128.96405524288497
2013-04-21,128.96405524288497
2013-04-22,129.28828525927082
2013-04-23,129.28828525927082
2013-04-24,130.41331113439446
2013-04-25,130.21634501374768
2013-04-26,131.20656055679166
2013-04-28,131.20656055679166
2013-04-29,131.9771728630384
2013-04-30,133.20617547813848
2013-05-01,133.20617547813848
2013-05-02,133.83993414611652
2013-05-03,134.3872513034054
2013-05-05,134.3872513034054
2013-05-06,135.62017664905215
2013-05-07,136.36789173798886
2013-05-08,136.0688221938633
2013-05-09,135.34733650424906
2013-05-10,136.84771255104212
2013-05-12,136.84771255104212
2013-05-13,137.73949974459288
2013-05-14,139.14800053138902
2013-05-15,139.93886689198516
2013-05-16,140.16888734186423
2013-05-17,139.61187986658933
2013-05-19,139.61187986658933
2013-05-20,140.69284772541718
2013-05-21,144.48002949486863
2013-05-22,145.82327105385605
2013-05-23,144.3286118492029
2013-05-24,143.96958745028135
2013-05-26,143.96958745028135
2013-05-27,144.77354810428645
2013-05-28,145.2284809178003
2013-05-29,143.23417896860565
2013-05-30,141.7315787219501
2013-05-31,140.56259395563671
2013-06-02,140.56259395563671
2013-06-03,124.14301659876718
2013-06-04,131.3019399660737
2013-06-05,131.5368481141935
2013-06-06,125.27199163568477
2013-06-07,129.69470279723618
2013-06-09,129.69470279723618
2013-06-10,127.45899737154679
2013-06-11,126.86722890258804
2013-06-12,129.34873002976718
2013-06-13,127.52693994097154
2013-06-14,132.04261087991026
2013-06-16,132.04261087991026
2013-06-17,131.1053216247987
2013-06-18,130.72295470152312
2013-06-19,133.12963795812206
2013-06-20,124.45591340154377
2013-06-21,128.18946479199937
2013-06-23,128.18946479199937
2013-06-24,124.04636342976293
2013-06-25,125.66643402019145
2013-06-26,126.87622370957348
2013-06-27,130.37171222600287
2013-06-28,131.79651111811705
2013-06-30,131.79651111811705
2013-07-01,131.28990312830112
2013-07-02,132.03536590580532
2013-07-03,129.8926472132755
2013-07-04,130.7672014045934
2013-07-05,128.25825456779103
2013-07-07,128.25825456779103
2013-07-08,127.35941821225626
2013-07-09,128.54477071526654
2013-07-10,126.07855073895257
2013-07-11,129.02032763228001
2013-07-12,130.6517485855142
2013-07-14,130.6517485855142
2013-07-15,135.53199532121502
2013-07-16,135.62330513048377
2013-07-17,137.22724727484132
2013-07-18,136.89700913518925
2013-07-19,136.7138337003864
2013-07-21,136.7138337003864
2013-07-22,137.9245894795016
2013-07-23,137.13401242127307
2013-07-24,133.86979350995784
2013-07-25,131.66131955084853
2013-07-26,130.3329637146098
2013-07-28,130.3329637146098
2013-07-29,130.29249946399477
2013-07-30,132.26268855484588
2013-07-31,131.30497654298424
2013-08-01,131.99553447270085
2013-08-02,133.52734731161874
2013-08-04,133.52734731161874
2013-08-05,135.39984286216043
2013-08-06,136.0014372971387
2013-08-07,135.9357755583554
2013-08-08,135.9357755583554
2013-08-09,135.9357755583554
2013-08-11,135.9357755583554
2013-08-12,138.29446980999012
2013-08-13,140.90832889059413
2013-08-14,141.86095340414062
2013-08-15,139.61126616183026
2013-08-16,140.85924858784432
2013-08-18,140.85924858784432
2013-08-19,138.69100436478686
2013-08-20,137.49772275380943
2013-08-21,130.96072874971838
2013-08-22,126.65510818107906
2013-08-23,125.15649281847551
2013-08-25,125.15649281847551
2013-08-26,125.82499508742065
2013-08-27,117.22304065384685
2013-08-28,117.21005639198954
2013-08-29,120.77871042893302
2013-08-30,120.77871042893302
2013-08-31,120.56130875016095
2013-09-01,120.32018613266062
2013-09-02,120.0764079462357
2013-09-03,116.38388947612472
2013-09-04,113.47137843315372
2013-09-05,110.27556281637507
2013-09-06,109.71609365679305
2013-09-08,109.71609365679305
2013-09-09,111.72864063807673
2013-09-10,115.1057721328524
2013-09-11,118.07508896404043
2013-09-12,114.48144564232383
2013-09-13,115.88947756429044
2013-09-15,115.88947756429044
2013-09-16,116.78627235400363
2013-09-17,118.623106908976
2013-09-18,120.5529954076505
2013-09-19,122.44101409610455
2013-09-20,130.0629407435963
2013-09-22,130.0629407435963
2013-09-23,130.7739050560055
2013-09-24,130.51319152917935
2013-09-25,135.15411983860238
2013-09-26,133.54654373901593
2013-09-27,133.57953476541414
2013-09-29,133.57953476541414
2013-09-30,136.34552537463887
2013-10-01,153.83488544229078
2013-10-02,151.63404703727915
2013-10-03,152.32641246575162
2013-10-04,151.15217174848524
2013-10-06,151.15217174848524
2013-10-07,151.70019560569173
2013-10-08,151.66327863816392
2013-10-09,151.76601552843266
2013-10-10,153.7382061349597
2013-10-11,154.53307973576423
2013-10-13,154.53307973576423
2013-10-14,154.06377144896848
2013-10-15,154.06377144896848
2013-10-16,154.06377144896848
2013-10-17,154.06377144896848
2013-10-18,154.06377144896848
2013-10-20,154.06377144896848
2013-10-21,157.87948549369054
2013-10-22,158.4749258539799
2013-10-23,159.42459004153346
2013-10-24,161.08146078912065
2013-10-25,162.83652693441624
2013-10-27,162.83652693441624
2013-10-28,163.49490595518154
2013-10-29,163.49490595518154
2013-10-30,161.80965432574024
2013-10-31,159.2466886984264
2013-11-01,158.61972842731123
2013-11-03,158.61972842731123
2013-11-04,159.04489245515433
2013-11-05,155.29859429372934
2013-11-06,156.619936337388
2013-11-07,159.09388183189486
2013-11-08,154.83070727482817
2013-11-10,154.83070727482817
2013-11-11,151.30409746045257
2013-11-12,149.6289293649553
2013-11-13,149.53861936050103
2013-11-14,152.6207576574394
2013-11-15,153.22415121696764
2013-11-17,153.22415121696764
2013-11-18,154.38426614723352
2013-11-19,153.94811685321045
2013-11-20,155.35624599202646
2013-11-21,154.80376685232235
2013-11-22,156.64186232983837
2013-11-24,156.64186232983837
2013-11-25,159.85606980895554
2013-11-26,159.56453369264108
2013-11-27,158.00513883480494
2013-11-28,157.28458913722224
2013-11-29,158.29319291319482
2013-11-30,158.29319291319482
2013-12-01,158.2615342746122
2013-12-02,154.87926257496358
2013-12-03,149.23537039287152
2013-12-04,150.4945979254142
2013-12-05,148.6822372530886
2013-12-06,150.49569150619993
2013-12-08,150.49569150619993
2013-12-09,151.59708785642914
2013-12-10,151.8758893760867
2013-12-11,155.7137104459449
2013-12-12,153.26426611258327
2013-12-13,152.9338807770308
2013-12-15,152.9338807770308
2013-12-16,152.37803713154565
2013-12-17,140.18908875821984
2013-12-18,140.32552373978103
2013-12-19,138.59031565052567
2013-12-20,138.6050727838644
2013-12-22,138.6050727838644
2013-12-23,135.54064170237336
2013-12-24,136.86407621389412
2013-12-25,134.42430522507502
2013-12-26,130.90790546561152
2013-12-27,123.74679639820567
2013-12-29,123.74679639820567
2013-12-30,129.5702895054357
2013-12-31,129.45275258119395
2014-01-01,129.45275258119395
2014-01-02,128.30822477735316
2014-01-03,127.29633895155257
2014-01-05,127.29633895155257
2014-01-06,130.3866051245614
2014-01-07,132.26466249198134
2014-01-08,130.25753476883764
2014-01-09,129.458494159668
2014-01-10,131.9219692456538
2014-01-12,131.9219692456538
2014-01-13,132.60245774393002
2014-01-14,132.5701192409976
2014-01-15,132.47020186699427
2014-01-16,130.5827639941802
2014-01-17,129.50644042842868
2014-01-19,129.50644042842868
2014-01-20,128.50619601931425
2014-01-21,129.4327975027022
2014-01-22,129.98615888341592
2014-01-23,128.4106353165796
2014-01-24,128.10615106689983
2014-01-26,128.10615106689983
2014-01-27,127.93798192488958
2014-01-28,126.90721453149683
2014-01-29,124.08622535970142
2014-01-30,124.94695285131053
2014-01-31,124.63843008214383
2014-02-02,124.63843008214383
2014-02-03,124.99120031295718
2014-02-04,126.5204485629665
2014-02-05,126.56737709612733
2014-02-06,128.51018308169154
2014-02-07,128.9086021585457
2014-02-09,128.9086021585457
2014-02-10,128.45440883273702
2014-02-11,128.44258157792518
2014-02-12,130.9319986071603
2014-02-13,130.17482338246643
2014-02-14,131.74463459684281
2014-02-16,131.74463459684281
2014-02-17,132.06009432563502
2014-02-18,131.18447240924368
2014-02-19,130.07333709678912
2014-02-20,131.21330359065286
2014-02-21,132.16976130430507
2014-02-23,132.16976130430507
2014-02-24,133.23591535192858
2014-02-25,127.91139026646036
2014-02-26,126.69664885630331
2014-02-27,126.9578938918036
2014-02-28,127.54032145137136
2014-03-02,127.54032145137136
2014-03-03,125.42299173928899
2014-03-04,129.0940431795079
2014-03-05,129.79516047928163
2014-03-06,131.1031774430283
2014-03-07,130.04958993680546
2014-03-09,130.04958993680546
2014-03-10,129.49180787065316
2014-03-11,130.46078426793926
2014-03-12,130.1743607918615
2014-03-13,130.9925145819132
2014-03-14,130.29338075379817
2014-03-16,130.29338075379817
2014-03-17,131.83889918716847
2014-03-18,132.84721809142994
2014-03-19,133.04563473813545
2014-03-20,132.60806056680588
2014-03-21,131.55055406499628
2014-03-23,131.55055406499628
2014-03-24,129.96013170549224
2014-03-25,130.76081948110956
2014-03-26,133.71810022546876
2014-03-27,132.967467940411
2014-03-28,133.70484191552535
2014-03-30,133.70484191552535
2014-03-31,135.08823171652375
2014-04-01,139.01943929898405
2014-04-02,138.53298963538376
2014-04-03,139.78969044823393
2014-04-04,142.88927126072383
2014-04-06,142.88927126072383
2014-04-07,143.8146359666672
2014-04-08,145.2144495792729
2014-04-09,143.48343894534594
2014-04-10,145.71608318180148
2014-04-11,146.09878452912685
2014-04-13,146.09878452912685
2014-04-14,148.5759190372186
2014-04-15,147.09676592313434
2014-04-16,147.37208553345738
2014-04-17,149.55712536566233
2014-04-18,150.03477675223962
2014-04-20,150.03477675223962
2014-04-21,150.94307085750467
2014-04-22,150.50761452731535
2014-04-23,150.50761452731535
2014-04-24,150.3566351785012
2014-04-25,149.92256477579272
2014-04-27,149.92256477579272
2014-04-28,151.19593042771376
2014-04-29,151.30019894861948
2014-04-30,153.7065651513526
2014-05-01,153.7065651513526
2014-05-02,154.60367682176562
2014-05-04,154.60367682176562
2014-05-05,154.24688246233308
2014-05-06,154.8301886563914
2014-05-07,155.1307371783854
2014-05-08,156.52113719460704
2014-05-09,157.18393175987512
2014-05-11,157.18393175987512
2014-05-12,158.1229073752342
2014-05-13,157.98422210896837
2014-05-14,158.81828843649075
2014-05-15,157.88544039291588
2014-05-16,157.91532337895498
2014-05-18,157.91532337895498
2014-05-19,157.91532337895498
2014-05-20,158.97052271834227
2014-05-21,159.53878165737427
2014-05-22,160.52778943306998
2014-05-23,161.29801500948648
2014-05-25,161.29801500948648
2014-05-26,162.50822207943864
2014-05-27,161.37448482700617
2014-05-28,161.6809565110434
2014-05-29,162.53148994763208
2014-05-30,162.52319961400335
2014-05-31,162.52319961400335
2014-06-01,162.45819033415776
2014-06-02,160.55641175798277
2014-06-03,160.44421300762778
2014-06-04,161.1283266517413
2014-06-05,161.6793437125758
2014-06-06,161.6793437125758
2014-06-08,161.6793437125758
2014-06-09,165.02212821386954
2014-06-10,164.74909358744026
2014-06-11,159.81991868357844
2014-06-12,162.26573095575785
2014-06-13,163.57359628749253
2014-06-15,163.57359628749253
2014-06-16,162.100841669291
2014-06-17,162.62817506687827
2014-06-18,162.001746042482
2014-06-19,166.5834003923252
2014-06-20,169.2251147642184
2014-06-22,169.2251147642184
2014-06-23,171.08703919931355
2014-06-24,180.10944982614637
2014-06-25,179.26155449188968
2014-06-26,172.9726886501104
2014-06-27,173.27681784479418
2014-06-29,173.27681784479418
2014-06-30,173.08057880349637
2014-07-01,169.13949676792916
2014-07-02,168.6333445536876
2014-07-03,170.901252532399
2014-07-04,172.88698219226129
2014-07-06,172.88698219226129
2014-07-07,174.2036695149772
2014-07-08,174.05170053626148
2014-07-09,174.9418763344449
2014-07-10,174.69040226453373
2014-07-11,175.60135376755613
2014-07-13,175.60135376755613
2014-07-14,177.32770689774762
2014-07-15,176.90408642853833
2014-07-16,179.89583013114864
2014-07-17,180.19688835214103
2014-07-18,180.69817313556078
2014-07-20,180.69817313556078
2014-07-21,181.74569236305015
2014-07-22,181.66696929184576
2014-07-23,183.04667891792332
2014-07-24,185.6791013518655
2014-07-25,186.19585622770413
2014-07-27,186.19585622770413
2014-07-28,186.19585622770413
2014-07-29,186.19585622770413
2014-07-30,186.19585622770413
2014-07-31,184.8379138353261
2014-08-01,185.0556188163386
2014-08-03,184.98159656881208
2014-08-04,184.77020896711227
2014-08-05,181.62094033350627
2014-08-06,179.40762978712726
2014-08-07,177.35708540757616
2014-08-08,177.35003511648935
2014-08-10,177.35003511648935
2014-08-11,172.54823456368376
2014-08-12,173.21673006556804
2014-08-13,171.68862349275798
2014-08-14,173.0405828231503
2014-08-15,172.2113581925872
2014-08-17,172.2113581925872
2014-08-18,175.91207044493362
2014-08-19,180.82991334295903
2014-08-20,180.62150335515759
2014-08-21,180.63863629481338
2014-08-22,181.0619931861197
2014-08-24,181.0619931861197
2014-08-25,183.01974223370095
2014-08-26,184.7308403639904
2014-08-27,185.41837943171268
2014-08-28,186.05532499070864
2014-08-29,185.0614425985058
2014-08-31,185.0614425985058
2014-09-01,184.55322391593046
2014-09-02,184.54498504065694
2014-09-03,185.73938270303148
2014-09-04,186.47880315075818
2014-09-05,187.81491734434064
2014-09-07,187.81491734434064
2014-09-08,188.602405158576
2014-09-09,186.22627238414248
2014-09-10,184.64871789410302
2014-09-11,184.5950731801321
2014-09-12,184.65137659425613
2014-09-14,184.65137659425613
2014-09-15,185.53149028651063
2014-09-16,185.40129981883783
2014-09-17,185.1707478880451
2014-09-18,183.14702164488617
2014-09-19,183.13176555371044
2014-09-21,183.13176555371044
2014-09-22,182.5884985121845
2014-09-23,183.32502707657972
2014-09-24,179.27952097235095
2014-09-25,177.96786577452428
2014-09-26,178.03577131107707
2014-09-28,178.03577131107707
2014-09-29,178.83467272885176
2014-09-30,180.79985443571056
2014-10-01,180.75945618646008
2014-10-02,178.27409619693802
2014-10-03,180.56148881287024
2014-10-05,180.56148881287024
2014-10-06,180.56148881287024
2014-10-07,180.56148881287024
2014-10-08,178.01314345101378
2014-10-09,182.6084132125791
2014-10-10,179.94247789590676
2014-10-12,179.94247789590676
2014-10-13,183.43584383873196
2014-10-14,182.34270936625222
2014-10-15,182.89307543924042
2014-10-16,183.31967447873123
2014-10-17,186.73646207748152
2014-10-19,186.73646207748152
2014-10-20,190.48786309577994
2014-10-21,190.5267736569029
2014-10-22,191.59896642767208
2014-10-23,194.05624826289394
2014-10-24,196.61442357994986
2014-10-26,196.61442357994986
2014-10-27,197.31213566351752
2014-10-28,197.16431369150064
2014-10-29,197.16431369150064
2014-10-30,196.60391448693167
2014-10-31,199.7349905279154
2014-11-02,199.7349905279154
2014-11-03,198.54886616283164
2014-11-04,199.7764062942207
2014-11-05,198.70461506476315
2014-11-06,196.64289888328756
2014-11-07,197.64294183731715
2014-11-09,197.64294183731715
2014-11-10,197.24026508282304
2014-11-11,199.15316747616356
2014-11-12,199.70357923788862
2014-11-13,199.96679432253774
2014-11-14,200.36624078864946
2014-11-16,200.36624078864946
2014-11-17,199.93210213713803
2014-11-18,200.66236165867727
2014-11-19,202.22120366675955
2014-11-20,206.20619306023178
2014-11-21,205.90202183101582
2014-11-23,205.90202183101582
2014-11-24,209.7258410443283
2014-11-25,211.08193156132228
2014-11-26,213.27538391956148
2014-11-27,214.28930469419126
2014-11-28,213.6204999812881
2014-11-30,213.6204999812881
2014-12-01,212.65967582930818
2014-12-02,214.3440638070635
2014-12-03,216.1546225649788
2014-12-04,219.65810380966195
2014-12-05,220.4312738764216
2014-12-07,220.4312738764216
2014-12-08,221.40647105558654
2014-12-09,217.55536052066586
2014-12-10,219.19668009562992
2014-12-11,216.99879763246676
2014-12-12,214.85191496172843
2014-12-14,214.85191496172843
2014-12-15,216.11747028981202
2014-12-16,208.34326571046802
2014-12-17,213.78984786442712
2014-12-18,218.71480404797603
2014-12-19,220.08628361433455
2014-12-21,220.08628361433455
2014-12-22,221.61686482686503
2014-12-23,222.22672897581376
2014-12-24,221.76588811095004
2014-12-25,221.70846477949272
2014-12-26,222.29000183664553
2014-12-28,222.29000183664553
2014-12-29,220.9732171403828
2014-12-30,220.0921395925785
2014-12-31,221.89889668932634
2015-01-01,221.89889668932634
2015-01-02,222.46787330519666
2015-01-04,222.46787330519666
2015-01-05,224.63031405089288
2015-01-06,227.53925736965093
2015-01-07,231.5671441743586
2015-01-08,235.6154540522871
2015-01-09,236.2251639908481
2015-01-11,236.2251639908481
2015-01-12,235.85746423195954
2015-01-13,236.41910383443212
2015-01-14,233.57543625066694
2015-01-15,233.36000686752757
2015-01-16,230.32238978518575
2015-01-18,230.32238978518575
2015-01-19,232.6826773949829
2015-01-20,234.93885694758453
2015-01-21,235.89523294649405
2015-01-22,239.64389716189478
2015-01-23,240.20474867334195
2015-01-25,240.20474867334195
2015-01-26,244.4419826435765
2015-01-27,242.98168479082187
2015-01-28,241.73292810474447
2015-01-29,240.04972617814894
2015-01-30,239.49427039499005
2015-02-01,239.49427039499005
2015-02-02,240.158094675329
2015-02-03,235.98065143745407
2015-02-04,234.8192347927498
2015-02-05,237.56198351169616
2015-02-06,237.58550123518157
2015-02-08,237.58550123518157
2015-02-09,235.68617929601254
2015-02-10,234.80002454570925
2015-02-11,234.87497085873974
2015-02-12,237.61262476669825
2015-02-13,241.01577597382774
2015-02-15,241.01577597382774
2015-02-16,241.75835495883493
2015-02-17,239.27932744156175
2015-02-18,240.70196497166904
2015-02-19,243.11566680687548
2015-02-20,241.5606682049504
2015-02-22,241.5606682049504
2015-02-23,242.69328747118166
2015-02-24,246.92409042477323
2015-02-25,246.26167539276008
2015-02-26,248.88201866785107
2015-02-27,241.98795396321617
2015-02-28,241.98795396321617
2015-03-01,241.8911587816309
2015-03-02,243.71397002051103
2015-03-03,242.2219712363975
2015-03-04,233.80667261092387
2015-03-05,236.0842023981012
2015-03-06,239.12797888560226
2015-03-08,239.12797888560226
2015-03-09,235.56934188966457
2015-03-10,225.05701601154587
2015-03-11,219.41921650306796
2015-03-12,220.01525011272238
2015-03-13,220.85348222404878
2015-03-15,220.85348222404878
2015-03-16,214.60085339285996
2015-03-17,215.70704335880254
2015-03-18,217.1308600707072
2015-03-19,222.30086734932735
2015-03-20,228.97996131253333
2015-03-22,228.97996131253333
2015-03-23,222.2166239633837
2015-03-24,216.4949846024549
2015-03-25,216.16961922404423
2015-03-26,215.03041117799606
2015-03-27,211.8717420487397
2015-03-29,211.8717420487397
2015-03-30,209.39914606062715
2015-03-31,202.16469543871222
2015-04-01,207.4394687746756
2015-04-02,209.67636892028924
2015-04-03,210.15021014940064
2015-04-05,210.15021014940064
2015-04-06,210.06299556531394
2015-04-07,211.34881255399492
2015-04-08,213.4182322013609
2015-04-09,213.83186289927113
2015-04-10,216.9736874853597
2015-04-12,216.9736874853597
2015-04-13,214.87754646536106
2015-04-14,214.8035081172312
2015-04-15,212.40477741389176
2015-04-16,217.88293223205542
2015-04-17,220.3967780220385
2015-04-19,220.3967780220385
2015-04-20,224.7054512579959
2015-04-21,231.6570268064794
2015-04-22,230.64683218645945
2015-04-23,230.64683218645945
2015-04-24,232.11427852865393
2015-04-26,232.11427852865393
2015-04-27,234.26747724104123
2015-04-28,231.17709412500932
2015-04-29,231.1125808380575
2015-04-30,225.73945339667262
2015-05-01,225.73945339667262
2015-05-03,225.6040097246346
2015-05-04,224.35884740869864
2015-05-05,224.9553941541015
2015-05-06,223.3843601339683
2015-05-07,223.6580907525126
2015-05-08,225.54105932540037
2015-05-10,225.54105932540037
2015-05-11,228.35735232727103
2015-05-12,230.64443043181177
2015-05-13,229.7804074019329
2015-05-14,231.23535362394264
2015-05-15,231.2454159037324
2015-05-17,231.2454159037324
2015-05-18,234.27884391342005
2015-05-19,234.27884391342005
2015-05-20,233.9799284675871
2015-05-21,233.38902033584154
2015-05-22,232.51393282811097
2015-05-24,232.51393282811097
2015-05-25,229.71010413139655
2015-05-26,228.28323138168332
2015-05-27,229.6176274870089
2015-05-28,228.48918138958612
2015-05-29,226.53076661296282
2015-05-31,226.53076661296282
2015-06-01,219.67001736928174
2015-06-02,221.94007713655972
2015-06-03,226.38653548931
2015-06-04,224.90979983383147
2015-06-05,223.09743665332718
2015-06-07,223.09743665332718
2015-06-08,212.43042055170173
2015-06-09,216.41808468903315
2015-06-10,219.64954270978603
2015-06-11,221.12240838181717
2015-06-12,221.97742513345807
2015-06-14,221.97742513345807
2015-06-15,216.87756198263986
2015-06-16,221.0747004315365
2015-06-17,220.76168434862683
2015-06-18,225.93675609135943
2015-06-19,229.32706351597594
2015-06-21,229.32706351597594
2015-06-22,230.73007318580954
2015-06-23,234.38097927534088
2015-06-24,235.35989464869576
2015-06-25,234.67139808527588
2015-06-26,237.86875355900915
2015-06-28,237.86875355900915
2015-06-29,232.54623079719627
2015-06-30,234.96532590617107
2015-07-01,235.0818456635992
2015-07-02,235.16769455700458
2015-07-03,232.98813058247987
2015-07-05,232.98813058247987
2015-07-06,234.1697128259756
2015-07-07,233.99094345052342
2015-07-08,233.20820873214498
2015-07-09,236.65055189944852
2015-07-10,237.749707891057
2015-07-12,237.749707891057
2015-07-13,238.84222118976305
2015-07-14,238.2685003041392
2015-07-15,237.1421040945489
2015-07-16,237.6829062545455
2015-07-17,237.6829062545455
2015-07-19,237.6829062545455
2015-07-20,236.75142298067027
2015-07-21,241.57953196013855
2015-07-22,239.82820840269054
2015-07-23,227.5383290879624
2015-07-24,232.58180139626268
2015-07-26,232.58180139626268
2015-07-27,229.7833928112851
2015-07-28,232.78389799173954
2015-07-29,233.6324289852496
2015-07-30,237.3403101490526
2015-07-31,240.3299171689345
2015-08-02,240.3299171689345
2015-08-03,236.63215025446397
2015-08-04,236.2638125889742
2015-08-05,239.0748155438017
2015-08-06,239.14201133342192
2015-08-07,235.62877355564027
2015-08-09,235.62877355564027
2015-08-10,228.69588218648883
2015-08-11,234.70815239614208
2015-08-12,229.4035035500467
2015-08-13,230.32677035140688
2015-08-14,232.17978351758902
2015-08-16,232.17978351758902
2015-08-17,231.95381801572475
2015-08-18,230.00227192170956
2015-08-19,228.0848797566791
2015-08-20,225.2547496493031
2015-08-21,223.17028299688218
2015-08-23,223.17028299688218
2015-08-24,215.52357043305793
2015-08-25,220.8718330745864
2015-08-26,221.8000330217368
2015-08-27,225.0978577210366
2015-08-28,222.67252780037617
2015-08-30,222.67252780037617
2015-08-31,222.22153711494508
2015-09-01,219.0568851829225
2015-09-02,218.9485205176385
2015-09-03,219.8886409341182
2015-09-04,218.75844706940183
2015-09-06,218.75844706940183
2015-09-07,216.11285372584015
2015-09-08,215.9406439360533
2015-09-09,216.2606890109521
2015-09-10,214.79838122811546
2015-09-11,215.0632428255824
2015-09-13,215.0632428255824
2015-09-14,215.22629606180448
2015-09-15,218.06194261458725
2015-09-16,220.04729616279698
2015-09-17,221.61990371286544
2015-09-18,222.18106616646406
2015-09-20,222.18106616646406
2015-09-21,223.8374873298013
2015-09-22,222.16607496201894
2015-09-23,221.29563188503235
2015-09-24,221.29563188503235
2015-09-25,221.29563188503235
2015-09-27,221.29563188503235
2015-09-28,219.54111016672735
2015-09-29,220.3276293348199
2015-09-30,220.15367314321105
2015-10-01,219.68373568539675
2015-10-02,219.64293621826047
2015-10-04,219.64293621826047
2015-10-05,223.80048958763004
2015-10-06,224.82822522712567
2015-10-07,227.84568287897036
2015-10-08,229.5847328677437
2015-10-09,230.79612634428622
2015-10-11,230.79612634428622
2015-10-12,234.21735234223257
2015-10-13,232.26830478850712
2015-10-14,234.8493121886836
2015-10-15,236.73268341848663
2015-10-16,234.27631647895157
2015-10-18,234.27631647895157
2015-10-19,238.0808337831501
2015-10-20,237.72023528129185
2015-10-21,238.3854330711518
2015-10-22,239.384794532405
2015-10-23,239.90389377172065
2015-10-25,239.90389377172065
2015-10-26,238.38140706828116
2015-10-27,236.68080684679666
2015-10-28,236.18161446601425
2015-10-29,236.18161446601425
2015-10-30,237.80883735416876
2015-11-01,237.80883735416876
2015-11-02,247.73349219890733
2015-11-03,248.60314191685876
2015-11-04,251.02105401576526
2015-11-05,249.3364438515266
2015-11-06,247.7396618784057
2015-11-08,247.7396618784057
2015-11-09,249.7309903335483
2015-11-10,248.16455594967815
2015-11-11,250.41774184159763
2015-11-12,253.81263760747137
2015-11-13,251.68201549023115
2015-11-15,251.68201549023115
2015-11-16,251.38518517947767
2015-11-17,252.28829200294663
2015-11-18,250.80914617344814
2015-11-19,251.21651605703053
2015-11-20,252.55288668162424
2015-11-22,252.55288668162424
2015-11-23,250.36076068146917
2015-11-24,240.82571173191639
2015-11-25,241.7379760215876
2015-11-26,237.55756946762665
2015-11-27,240.01138722869476
2015-11-29,240.01138722869476
2015-11-30,239.2795287100085
2015-12-01,243.47958409382596
2015-12-02,243.28200430973084
2015-12-03,241.3420670225184
2015-12-04,238.1372139332732
2015-12-06,238.1372139332732
2015-12-07,235.96444497185274
2015-12-08,233.47305390242656
2015-12-09,235.4978696293455
2015-12-10,228.70423684215268
2015-12-11,224.86112593497907
2015-12-13,224.86112593497907
2015-12-14,221.07520131198015
2015-12-15,228.48370342234554
2015-12-16,229.87696657586392
2015-12-17,234.06514911876488
2015-12-18,230.42065719289144
2015-12-20,230.42065719289144
2015-12-21,231.52181035783798
2015-12-22,230.0323782966141
2015-12-23,233.59582506052786
2015-12-24,233.00137786800371
2015-12-25,233.03516100812266
2015-12-27,233.03516100812266
2015-12-28,232.05009251301982
2015-12-29,231.2634059912555
2015-12-30,229.82244419461637
2015-12-31,227.67126241865572
2016-01-01,227.67126241865572
2016-01-03,227.48912540872078
2016-01-04,224.8249442180439
2016-01-05,223.30857121022206
2016-01-06,223.91913612737295
2016-01-07,223.16679334237875
2016-01-08,221.54749057992532
2016-01-10,221.54749057992532
2016-01-11,221.11336824655245
2016-01-12,223.0519499770715
2016-01-13,225.34786981481508
2016-01-14,222.20529891400122
2016-01-15,220.37863144251602
2016-01-17,220.37863144251602
2016-01-18,217.75307122856256
2016-01-19,220.1432893567142
2016-01-20,215.1833177084131
2016-01-21,213.73443352485216
2016-01-22,219.79504234717993
2016-01-24,219.79504234717993
2016-01-25,220.52517103037414
2016-01-26,222.81960536732356
2016-01-27,224.60104589048944
2016-01-28,225.16644279692164
2016-01-29,227.2897415069972
2016-01-31,227.2897415069972
2016-02-01,227.45317625408188
2016-02-02,226.44918269633263
2016-02-03,227.32738933641173
2016-02-04,232.27081917485853
2016-02-05,230.75234473312497
2016-02-07,230.75234473312497
2016-02-08,225.80957291639896
2016-02-09,223.32315712057337
2016-02-10,224.91662801225243
2016-02-11,222.0587454318213
2016-02-12,222.2421538189767
2016-02-14,222.2421538189767
2016-02-15,223.55922416186212
2016-02-16,225.0157477109865
2016-02-17,228.28738339065694
2016-02-18,229.3910426794793
2016-02-19,229.13102204013703
2016-02-21,229.13102204013703
2016-02-22,232.20704401173384
2016-02-23,234.87166187230684
2016-02-24,232.00000459926605
2016-02-25,235.59725778523264
2016-02-26,235.90292038647507
2016-02-28,235.90292038647507
2016-02-29,239.41238444672413
2016-03-01,238.1598047498057
2016-03-02,237.35961874949777
2016-03-03,234.07027534682416
2016-03-04,235.7366783373769
2016-03-06,235.7366783373769
2016-03-07,237.35496812470262
2016-03-08,237.54267246915268
2016-03-09,236.79500350635558
2016-03-10,237.12962135993376
2016-03-11,236.62814544827998
2016-03-13,236.62814544827998
2016-03-14,237.81745501345415
2016-03-15,236.77450254526886
2016-03-16,238.9491412700204
2016-03-17,242.15229306908992
2016-03-18,245.43098300649032
2016-03-20,245.43098300649032
2016-03-21,246.45438539737364
2016-03-22,241.65375582606836
2016-03-23,240.4687923460698
2016-03-24,244.26469723974932
2016-03-25,246.42779828162696
2016-03-27,246.42779828162696
2016-03-28,248.62655049999984
2016-03-29,249.85522274113976
2016-03-30,254.0774931649318
2016-03-31,253.84356966188136
2016-04-01,256.2393567183621
2016-04-03,256.0343652329874
2016-04-04,260.91884564521865
2016-04-05,258.2067595616702
2016-04-06,257.87140812184543
2016-04-07,257.1143421454283
2016-04-08,260.38935206696027
2016-04-10,260.38935206696027
2016-04-11,264.33974645164363
2016-04-12,264.77410277923514
2016-04-13,268.67501947288764
2016-04-14,268.8491476529017
2016-04-15,266.7116234630184
2016-04-17,266.7116234630184
2016-04-18,267.32757407779445
2016-04-19,267.1438965351928
2016-04-20,266.6418067711126
2016-04-21,266.7035363467
2016-04-22,267.0960557407334
2016-04-24,267.0960557407334
2016-04-25,267.89055487013553
2016-04-26,267.4090775166883
2016-04-27,266.51140429002425
2016-04-28,264.991363263378
2016-04-29,263.9565856434647
2016-05-01,263.9565856434647
2016-05-02,265.3479613447726
2016-05-03,257.5950699279299
2016-05-04,255.5232857399579
2016-05-05,256.2265135898211
2016-05-06,256.6159815640847
2016-05-08,256.6159815640847
2016-05-09,263.56228516643625
2016-05-10,261.13290969838204
2016-05-11,261.1963571564177
2016-05-12,260.15488681626084
2016-05-13,256.1803261575989
2016-05-15,256.1803261575989
2016-05-16,256.4935080075704
2016-05-17,255.36245250313942
2016-05-18,255.79446516577966
2016-05-19,255.79446516577966
2016-05-20,254.7996362875571
2016-05-22,254.7996362875571
2016-05-23,255.2459217843721
2016-05-24,259.70397099628013
2016-05-25,260.46078561074717
2016-05-26,259.33649073503676
2016-05-27,259.00672913886865
2016-05-29,259.00672913886865
2016-05-30,259.8193762218305
2016-05-31,258.72615756527813
2016-06-01,257.50685614000275
2016-06-02,256.0456811988345
2016-06-03,259.75141528450615
2016-06-05,259.75141528450615
2016-06-06,261.29981396251725
2016-06-07,260.22791844235854
2016-06-08,261.50782479610217
2016-06-09,257.0809743859984
2016-06-10,255.38124256081218
2016-06-12,255.38124256081218
2016-06-13,253.83865412112098
2016-06-14,251.5733074734349
2016-06-15,252.921811192093
2016-06-16,247.85549832590613
2016-06-17,248.68035675728538
2016-06-19,248.68035675728538
2016-06-20,252.00850132055584
2016-06-21,251.96314118602047
2016-06-22,251.4339189979551
2016-06-23,252.12626623561954
2016-06-24,244.71014119145661
2016-06-26,244.71014119145661
2016-06-27,244.3056393693599
2016-06-28,248.88998536933144
2016-06-29,250.15756968415715
2016-06-30,249.89717943391497
2016-07-01,253.8333048321652
2016-07-03,253.78253817119878
2016-07-04,254.05497956500122
2016-07-05,254.05497956500122
2016-07-06,254.05497956500122
2016-07-07,254.05497956500122
2016-07-08,252.11526464845173
2016-07-10,252.11526464845173
2016-07-11,258.1457274694711
2016-07-12,260.03311821197514
2016-07-13,260.2789694460849
2016-07-14,264.4655336896843
2016-07-15,264.99076835629603
2016-07-17,264.99076835629603
2016-07-18,252.4905191871423
2016-07-19,253.5840676060212
2016-07-20,251.27173725762333
2016-07-21,242.91531091536237
2016-07-22,243.81899740704952
2016-07-24,243.81899740704952
2016-07-25,253.57966409873572
2016-07-26,253.97595001712205
2016-07-27,258.45664765451676
2016-07-28,257.45206899032735
2016-07-29,258.85749217075806
2016-07-31,258.85749217075806
2016-08-01,261.92209271992243
2016-08-02,257.7658906853018
2016-08-03,252.6861943619073
2016-08-04,254.9549581840338
2016-08-05,255.36222998113578
2016-08-07,255.36222998113578
2016-08-08,258.57197312159775
2016-08-09,260.54820581518794
2016-08-10,257.52795314560336
2016-08-11,260.5518001736755
2016-08-12,257.40366521465126
2016-08-14,257.40366521465126
2016-08-15,257.26770685399697
2016-08-16,254.22253691384557
2016-08-17,255.8556248560344
2016-08-18,255.99693416595687
2016-08-19,256.9379248541791
2016-08-21,256.9379248541791
2016-08-22,255.81427821972423
2016-08-23,254.00154828500257
2016-08-24,251.5877883512987
2016-08-25,253.45097228463231
2016-08-26,254.03481362578
2016-08-28,254.03481362578
2016-08-29,252.0868322160858
2016-08-30,252.0868322160858
2016-08-31,247.36042171883608
2016-09-01,246.14237802224199
2016-09-02,248.6148013715544
2016-09-04,248.6148013715544
2016-09-05,249.98381970420374
2016-09-06,248.0962223345709
2016-09-07,246.82520515593714
2016-09-08,245.36834737890467
2016-09-09,250.64927409523494
2016-09-11,250.64927409523494
2016-09-12,250.64927409523494
2016-09-13,250.64927409523494
2016-09-14,250.64927409523494
2016-09-15,250.64927409523494
2016-09-16,256.31676208009776
2016-09-18,256.31676208009776
2016-09-19,268.18860467892256
2016-09-20,272.2167055758399
2016-09-21,272.6057764338964
2016-09-22,276.1834990518442
2016-09-23,275.0756490893479
2016-09-25,275.0756490893479
2016-09-26,269.6558296271282
2016-09-27,269.48575850279576
2016-09-28,268.0491283936955
2016-09-29,267.53528572019115
2016-09-30,265.26043941636334
2016-10-02,265.26043941636334
2016-10-03,266.23673516399606
2016-10-04,266.47548490087996
2016-10-05,267.7568148362167
2016-10-06,269.084493807644
2016-10-07,269.09512596644834
2016-10-09,269.09512596644834
2016-10-10,272.6283243900179
2016-10-11,275.8453561980121
2016-10-12,273.48730567398127
2016-10-13,274.51332579497466
2016-10-14,276.4318022176163
2016-10-16,276.4318022176163
2016-10-17,279.1705736333754
2016-10-18,279.57275331744034
2016-10-19,279.7721070859171
2016-10-20,279.9355672650117
2016-10-21,280.5200745970736
2016-10-23,280.5200745970736
2016-10-24,281.8058033564605
2016-10-25,280.5366882554016
2016-10-26,279.20472829670456
2016-10-27,280.3011219105847
2016-10-28,277.71989377601545
2016-10-30,277.71989377601545
2016-10-31,276.85493919988943
2016-11-01,275.51090051172235
2016-11-02,274.5874254641742
2016-11-03,272.9084946311538
2016-11-04,265.57000130537136
2016-11-06,265.57000130537136
2016-11-07,273.50522500226657
2016-11-08,274.9062198744169
2016-11-09,275.7807904702637
2016-11-10,276.5012061654453
2016-11-11,275.66662802307275
2016-11-13,275.66662802307275
2016-11-14,273.8826386497439
2016-11-15,273.324962940947
2016-11-16,273.9087287285997
2016-11-17,278.1750366238494
2016-11-18,277.65100432540726
2016-11-20,277.65100432540726
2016-11-21,277.7462373031168
2016-11-22,280.02898804439553
2016-11-23,277.1906914870635
2016-11-24,276.8163517705184
2016-11-25,278.0570873194541
2016-11-27,278.0570873194541
2016-11-28,277.79232198097014
2016-11-29,274.45159358596914
2016-11-30,275.06623861443865
2016-12-01,271.2712102929799
2016-12-02,272.67311005632473
2016-12-04,272.67311005632473
2016-12-05,273.72690568731923
2016-12-06,279.73537829236653
2016-12-07,279.6949206802181
2016-12-08,279.0366519597605
2016-12-09,278.2109298378879
2016-12-11,278.2109298378879
2016-12-12,278.48695401055124
2016-12-13,279.88785282936607
2016-12-14,278.6663942009152
2016-12-15,280.53828612026615
2016-12-16,284.26245121167267
2016-12-18,284.26245121167267
2016-12-19,284.8193087342885
2016-12-20,284.8655371938373
2016-12-21,284.9778244596744
2016-12-22,286.2393736272629
2016-12-23,290.72856293695423
2016-12-25,290.72856293695423
2016-12-26,293.1186724671577
2016-12-27,287.9967562649889
2016-12-28,292.42939460240325
2016-12-29,291.92134746834216
2016-12-30,294.1052351955688
2016-12-31,294.1052351955688
2017-01-01,293.5170247251777
2017-01-02,293.6754814044383
2017-01-03,291.40334417880274
2017-01-04,287.2243144927038
2017-01-05,291.96804852942824
2017-01-06,297.36040605472834
2017-01-08,297.36040605472834
2017-01-09,298.94638015957497
2017-01-10,302.1960911640407
2017-01-11,304.1103343267054
2017-01-12,308.913938435976
2017-01-13,312.1084267236175
2017-01-15,312.1084267236175
2017-01-16,313.5080224917577
2017-01-17,315.3680024170392
2017-01-18,315.03684500354115
2017-01-19,315.7344691619637
2017-01-20,317.5287125979405
2017-01-22,317.5287125979405
2017-01-23,318.909377025909
2017-01-24,322.5537713025481
2017-01-25,318.7711866835493
2017-01-26,320.01131341313896
2017-01-27,319.4296266174184
2017-01-29,319.4296266174184
2017-01-30,326.44602335963737
2017-01-31,325.33200588062823
2017-02-01,330.82004580848576
2017-02-02,329.52087114340054
2017-02-03,331.66609532877726
2017-02-05,331.66609532877726
2017-02-06,329.6804195387544
2017-02-07,331.607838571804
2017-02-08,332.7533612031817
2017-02-09,333.90001511495115
2017-02-10,333.0646635646993
2017-02-12,333.0646635646993
2017-02-13,337.7775118991558
2017-02-14,337.34598399232453
2017-02-15,336.2901617436921
2017-02-16,335.08523217460277
2017-02-17,337.6852163536553
2017-02-19,337.6852163536553
2017-02-20,334.82627429331006
2017-02-21,336.63104345149134
2017-02-22,335.7048236057651
2017-02-23,336.0270671437844
2017-02-24,333.8188702761992
2017-02-26,333.8188702761992
2017-02-27,332.98715621743764
2017-02-28,332.2489618467226
2017-03-01,334.8410422658939
2017-03-02,334.6118157342916
2017-03-03,336.1472186944165
2017-03-05,336.1472186944165
2017-03-06,339.929691709053
2017-03-07,337.676389271785
2017-03-08,333.83345025523926
2017-03-09,334.8593182605166
2017-03-10,335.3329621918254
2017-03-12,335.3329621918254
2017-03-13,335.09974677889505
2017-03-14,333.6716291550725
2017-03-15,334.4608671273509
2017-03-16,338.46992275114235
2017-03-17,339.6162961368288
2017-03-19,339.6162961368288
2017-03-20,341.22725531409407
2017-03-21,339.6730125497334
2017-03-22,336.48823911232415
2017-03-23,335.5356332962137
2017-03-24,336.7973971205132
2017-03-26,336.7973971205132
2017-03-27,336.0191373000696
2017-03-28,339.33605848902164
2017-03-29,340.6860571611324
2017-03-30,343.6673499287131
2017-03-31,344.97444546113826
2017-04-02,344.97444546113826
2017-04-03,344.8092229968515
2017-04-04,347.5586755366156
2017-04-05,353.4074721168725
2017-04-06,352.64310958830043
2017-04-07,352.87474175577916
2017-04-09,352.87474175577916
2017-04-10,358.36985767379247
2017-04-11,356.9152628017146
2017-04-12,355.67181391210636
2017-04-13,352.6211989910933
2017-04-14,354.67139411257625
2017-04-16,354.67139411257625
2017-04-17,359.8438937221085
2017-04-18,363.42653592424534
2017-04-19,360.5747150163545
2017-04-20,365.94776695628485
2017-04-21,366.26162591818627
2017-04-23,366.26162591818627
2017-04-24,370.4403315145013
2017-04-25,372.6572154087047
2017-04-26,374.73545814962046
2017-04-27,378.92770191213805
2017-04-28,379.0723123611911
2017-04-30,379.0723123611911
2017-05-01,379.0723123611911
2017-05-02,383.6354341682925
2017-05-03,385.79721231559466
2017-05-04,386.04524210210644
2017-05-05,391.7961708364102
2017-05-07,391.7961708364102
2017-05-08,390.9483305134163
2017-05-09,396.09471525756453
2017-05-10,403.1360844207699
2017-05-11,404.86441892361296
2017-05-12,405.10038160949637
2017-05-14,405.10038160949637
2017-05-15,406.75288207955583
2017-05-16,409.52077709474344
2017-05-17,408.34559946973457
2017-05-18,405.55999913271194
2017-05-19,405.55999913271194
2017-05-21,405.55999913271194
2017-05-22,417.75980974295857
2017-05-23,424.33038664194424
2017-05-24,424.9620863377296
2017-05-25,425.06285442999496
2017-05-26,428.50464935776915
2017-05-28,428.50464935776915
2017-05-29,427.5329217111007
2017-05-30,423.9181475456458
2017-05-31,419.136606263475
2017-06-01,420.27406198493895
2017-06-02,421.88257871356734
2017-06-04,421.88257871356734
2017-06-05,419.5288551353568
2017-06-06,421.0852716057561
2017-06-07,419.4158703399864
2017-06-08,425.5623832216433
2017-06-09,429.12402809173324
2017-06-11,429.12402809173324
2017-06-12,432.43627639452507
2017-06-13,431.57061922643146
2017-06-14,437.29106759008585
2017-06-15,436.0064796120562
2017-06-16,434.53851757715603
2017-06-18,434.53851757715603
2017-06-19,435.7359232179735
2017-06-20,435.155833174019
2017-06-21,436.2477487831747
2017-06-22,438.37629407897094
2017-06-23,438.9066952067024
2017-06-25,438.9066952067024
2017-06-26,438.9066952067024
2017-06-27,438.9066952067024
2017-06-28,441.92956258471827
2017-06-29,439.9653619723152
2017-06-30,443.09587406951795
2017-07-02,443.09587406951795
2017-07-03,444.8010870064973
2017-07-04,448.70332209362385
2017-07-05,446.23721664661946
2017-07-06,446.717188930904
2017-07-07,445.4595328834043
2017-07-09,445.4595328834043
2017-07-10,448.8032784005484
2017-07-11,458.0507244829821
2017-07-12,459.7853093926165
2017-07-13,465.9742019067985
2017-07-14,468.35147452397996
2017-07-16,468.35147452397996
2017-07-17,473.3891228878619
2017-07-18,472.52023811065226
2017-07-19,476.96966671383336
2017-07-20,477.9625382419816
2017-07-21,483.68054789005646
2017-07-23,483.68054789005646
2017-07-24,483.30188426680655
2017-07-25,483.2016246294742
2017-07-26,489.6030636089385
2017-07-27,495.16088532931445
2017-07-28,493.1003326007208
2017-07-30,493.1003326007208
2017-07-31,492.8271139208857
2017-08-01,485.5403437496669
2017-08-02,499.329382549191
2017-08-03,507.1941073668314
2017-08-04,514.4614741451331
2017-08-06,514.4614741451331
2017-08-07,525.8279655263561
2017-08-08,526.4983185439456
2017-08-09,531.0268307548532
2017-08-10,531.3597409325814
2017-08-11,531.4399775977913
2017-08-13,531.4399775977913
2017-08-14,549.4285408866514
2017-08-15,515.0755811903607
2017-08-16,516.0374551619731
2017-08-17,508.4511086810923
2017-08-18,503.8273329591909
2017-08-20,503.8273329591909
2017-08-21,508.44181815370985
2017-08-22,528.1314514104553
2017-08-23,531.6255916838792
2017-08-24,529.4603397629695
2017-08-25,533.3816862662202
2017-08-27,533.3816862662202
2017-08-28,534.6147611018845
2017-08-29,534.2699247037592
2017-08-30,534.2699247037592
2017-08-31,532.3607973775497
2017-09-01,532.3607973775497
2017-09-03,532.0413808991232
2017-09-04,532.0413808991232
2017-09-05,530.695969555612
2017-09-06,540.2703582730462
2017-09-07,542.0750872577228
2017-09-08,539.3962815151435
2017-09-10,539.3962815151435
2017-09-11,545.0884914356634
2017-09-12,542.4584376776354
2017-09-13,537.9328039077749
2017-09-14,543.6325701519276
2017-09-15,542.0731305603825
2017-09-17,542.0731305603825
2017-09-18,536.6951669516101
2017-09-19,532.925126003658
2017-09-20,536.2483132399087
2017-09-21,527.6334541256625
2017-09-22,522.9381584014078
2017-09-24,522.9381584014078
2017-09-25,520.3812497443089
2017-09-26,529.7326668569104
2017-09-27,518.9338259386769
2017-09-28,526.0018760169671
2017-09-29,533.6384758101414
2017-09-30,533.6384758101414
2017-10-01,532.677926553683
2017-10-02,542.8833252250938
2017-10-03,546.8779183333083
2017-10-04,548.3070494145442
2017-10-05,551.0769809933265
2017-10-06,546.634931192132
2017-10-08,546.634931192132
2017-10-09,529.2142558313801
2017-10-10,541.0358203700754
2017-10-11,540.8418245118079
2017-10-12,548.1302228323785
2017-10-13,547.4960177812228
2017-10-15,547.4960177812228
2017-10-16,544.0839522198862
2017-10-17,554.1761135768392
2017-10-18,550.7209044507166
2017-10-19,554.9838402304895
2017-10-20,555.9037314992777
2017-10-22,555.9037314992777
2017-10-23,556.2025008286421
2017-10-24,553.4427803301643
2017-10-25,557.3493450157399
2017-10-26,559.4308847072133
2017-10-27,556.7096742240202
2017-10-29,556.7096742240202
2017-10-30,564.3284082113929
2017-10-31,563.7359347444344
2017-11-01,567.9983631210745
2017-11-02,565.0741197715616
2017-11-03,564.694844612184
2017-11-05,564.694844612184
2017-11-06,577.6192745609062
2017-11-07,571.6446137824158
2017-11-08,572.0059850080229
2017-11-09,563.216598834982
2017-11-10,557.8645070255499
2017-11-12,557.8645070255499
2017-11-13,558.1763092932313
2017-11-14,560.0365660537477
2017-11-15,551.7483527366795
2017-11-16,548.331313623023
2017-11-17,542.4747938535502
2017-11-19,542.4747938535502
2017-11-20,537.4586312030224
2017-11-21,546.4445702026836
2017-11-22,547.4199992468065
2017-11-23,548.8757684668399
2017-11-24,547.7898457719768
2017-11-26,547.7898457719768
2017-11-27,549.4858344660022
2017-11-28,536.4102905249517
2017-11-29,539.9080346831304
2017-11-30,551.165459195467
2017-12-01,548.9206472935475
2017-12-03,548.7010790346301
2017-12-04,559.814257195505
2017-12-05,564.5747188320222
2017-12-06,562.0177997582632
2017-12-07,569.712470866274
2017-12-08,572.0982473110021
2017-12-10,572.0982473110021
2017-12-11,573.3158855045002
2017-12-12,573.0139180160568
2017-12-13,578.4774146190666
2017-12-14,588.5891026208618
2017-12-15,589.7947868302856
2017-12-17,589.7947868302856
2017-12-18,593.6311383565305
2017-12-19,594.9653777576119
2017-12-20,598.7468595903417
2017-12-21,598.725828051968
2017-12-22,597.5110031973977
2017-12-24,597.5110031973977
2017-12-25,598.590456406308
2017-12-26,602.3355831195146
2017-12-27,601.281145256143
2017-12-28,611.4812668240412
2017-12-29,615.8614734022225
2017-12-31,615.8614734022225
2018-01-01,615.8614734022225
2018-01-02,623.9181321160107
2018-01-03,624.1269833029717
2018-01-04,625.2828458841349
2018-01-05,634.2909003653338
2018-01-07,634.2909003653338
2018-01-08,634.5980472274471
2018-01-09,628.0433586007373
2018-01-10,623.1137029485299
2018-01-11,628.5582498299339
2018-01-12,635.2038002302907
2018-01-14,635.2038002302907
2018-01-15,618.8994329539253
2018-01-16,626.6834906903199
2018-01-17,629.710173984901
2018-01-18,631.1244501394812
2018-01-19,625.3083995608908
2018-01-21,625.3083995608908
2018-01-22,630.9646620659669
2018-01-23,633.3539032651516
2018-01-24,637.3511229358959
2018-01-25,632.4698021409912
2018-01-26,638.3480748213387
2018-01-28,638.3480748213387
2018-01-29,644.8324992595514
2018-01-30,643.9837416887796
2018-01-31,645.2330527883583
2018-02-01,647.4017709460225
2018-02-02,642.6802367387629
2018-02-04,642.6802367387629
2018-02-05,631.9774623475697
2018-02-06,629.5987549648564
2018-02-07,627.4157854366698
2018-02-08,624.9502744929341
2018-02-09,619.8629013822022
2018-02-11,619.8629013822022
2018-02-12,627.9792709530361
2018-02-13,628.5612178877442
2018-02-14,629.3082542899386
2018-02-15,641.2312980669462
2018-02-16,647.5280379741951
2018-02-18,647.5280379741951
2018-02-19,652.2358954314036
2018-02-20,638.5475694889274
2018-02-21,655.3999373240928
2018-02-22,664.608936632455
2018-02-23,667.8720916994524
2018-02-25,667.8720916994524
2018-02-26,673.0539010029219
2018-02-27,671.182909372325
2018-02-28,671.8891002319878
2018-03-01,665.288503499662
2018-03-02,661.2241257040686
2018-03-04,661.2241257040686
2018-03-05,658.9994140259461
2018-03-06,657.1069699030113
2018-03-07,656.9555966710652
2018-03-08,655.9880438855665
2018-03-09,658.4882016371406
2018-03-11,658.4882016371406
2018-03-12,663.825410317139
2018-03-13,665.259591058458
2018-03-14,666.2109045186731
2018-03-15,668.0378524020043
2018-03-16,666.8991928501222
2018-03-18,666.8991928501222
2018-03-19,664.0008633465854
2018-03-20,666.0769563775954
2018-03-21,673.1809064358456
2018-03-22,673.9951979096434
2018-03-23,673.5623025703875
2018-03-25,673.5623025703875
2018-03-26,676.0109997366669
2018-03-27,679.5567404853657
2018-03-28,665.6090080406268
2018-03-29,671.074861022885
2018-03-30,672.0273757354839
2018-03-31,672.0273757354839
2018-04-01,670.683320984013
2018-04-02,670.2920028426522
2018-04-03,676.1634594429382
2018-04-04,678.09123866859
2018-04-05,684.8314534626653
2018-04-06,687.4914839694685
2018-04-08,687.4914839694685
2018-04-09,676.1087808284353
2018-04-10,666.8598546187791
2018-04-11,666.9547020751129
2018-04-12,676.1064084045896
2018-04-13,675.8447189274507
2018-04-15,675.8447189274507
2018-04-16,684.6741492056515
2018-04-17,676.7756357988429
2018-04-18,692.532548188492
2018-04-19,698.2045061698091
2018-04-20,692.8057176475296
2018-04-22,692.8057176475296
2018-04-23,692.8057176475296
2018-04-24,692.9534003148588
2018-04-25,683.2372961551437
2018-04-26,682.621089732495
2018-04-27,681.2696764496028
2018-04-29,681.2696764496028
2018-04-30,663.8290416442163
2018-05-01,663.8290416442163
2018-05-02,670.5153871722978
2018-05-03,661.7342643507401
2018-05-04,649.7431918775941
2018-05-06,649.7431918775941
2018-05-07,640.1980583675977
2018-05-08,633.3066603400546
2018-05-09,636.0686551211566
2018-05-10,647.4383341554056
2018-05-11,648.7912473478439
2018-05-13,648.7912473478439
2018-05-14,666.1368035779113
2018-05-15,663.4289220603673
2018-05-16,663.7283054547506
2018-05-17,663.6663337955546
2018-05-18,662.9318622233824
2018-05-20,662.9318622233824
2018-05-21,664.6440129783285
2018-05-22,669.4393327205944
2018-05-23,661.9831546147036
2018-05-24,651.7497094416707
2018-05-25,662.1114908556268
2018-05-27,662.1114908556268
2018-05-28,681.5393337323591
2018-05-29,681.476851027312
2018-05-30,674.1414635763344
2018-05-31,664.0355719328458
2018-06-01,660.4499479025603
2018-06-03,660.0536779338188
2018-06-04,668.3577727483162
2018-06-05,664.9107552127355
2018-06-06,655.6635672376195
2018-06-07,670.4826721648897
2018-06-08,646.764360229719
2018-06-10,646.764360229719
2018-06-11,646.8966927092139
2018-06-12,633.1976632530243
2018-06-13,616.0938806636132
2018-06-14,628.1174983709159
2018-06-15,628.1174983709159
2018-06-17,628.1174983709159
2018-06-18,607.8220144574744
2018-06-19,616.2645937342339
2018-06-20,606.8755495460402
2018-06-21,607.8728024440298
2018-06-22,609.9454273035658
2018-06-24,609.9454273035658
2018-06-25,600.2163061245452
2018-06-26,606.3933787944708
2018-06-27,607.1659530758585
2018-06-28,615.7104934465473
2018-06-29,610.337790720724
2018-06-30,610.337790720724
2018-07-01,609.1171151392825
2018-07-02,605.2077880547633
2018-07-03,604.7289525333642
2018-07-04,603.1080349377893
2018-07-05,616.4537284280483
2018-07-06,613.8083401642276
2018-07-08,613.8083401642276
2018-07-09,613.2470775092507
2018-07-10,606.2436924916901
2018-07-11,584.3829243235714
2018-07-12,572.5131929314173
2018-07-13,565.6437636797692
2018-07-15,565.6437636797692
2018-07-16,560.1950045324191
2018-07-17,575.3594937930684
2018-07-18,582.7114413147202
2018-07-19,600.5074184099179
2018-07-20,604.2619045639356
2018-07-22,604.2619045639356
2018-07-23,610.6932314835262
2018-07-24,604.16351829721
2018-07-25,615.4892573121965
2018-07-26,613.9616836357692
2018-07-27,616.8350446216572
2018-07-29,616.8350446216572
2018-07-30,611.8323539877398
2018-07-31,619.0759014145162
2018-08-01,625.5521592766269
2018-08-02,609.3552406529491
2018-08-03,612.5068093532542
2018-08-05,612.5068093532542
2018-08-06,604.6189963203401
2018-08-07,606.0637680879161
2018-08-08,610.6578941900831
2018-08-09,610.4319908473562
2018-08-10,596.6504338184374
2018-08-12,596.6504338184374
2018-08-13,587.0320080993745
2018-08-14,606.7949043490803
2018-08-15,582.5787234314577
2018-08-16,567.3681372007842
2018-08-17,571.3692868901969
2018-08-19,571.3692868901969
2018-08-20,581.2695461897508
2018-08-21,581.2695461897508
2018-08-22,581.2695461897508
2018-08-23,581.2695461897508
2018-08-24,581.2695461897508
2018-08-26,581.2695461897508
2018-08-27,601.5846073992354
2018-08-28,611.982757489906
2018-08-29,610.9590554928723
2018-08-30,610.9590554928723
2018-08-31,608.6483854325934
2018-09-02,608.6483854325934
2018-09-03,613.9635562834314
2018-09-04,612.3795201234888
2018-09-05,618.1792452498206
2018-09-06,621.5945287708809
2018-09-07,619.4673558234039
2018-09-09,619.4673558234039
2018-09-10,607.5707219054183
2018-09-11,611.3589098115776
2018-09-12,616.3100608842655
2018-09-13,625.3752320598229
2018-09-14,622.2280701280393
2018-09-16,622.2280701280393
2018-09-17,617.8547397634869
2018-09-18,616.5899918171206
2018-09-19,623.3416086228775
2018-09-20,626.2671954715317
2018-09-21,630.9689119187393
2018-09-23,630.9689119187393
2018-09-24,637.0268484919229
2018-09-25,637.8050072228968
2018-09-26,636.6754813141978
2018-09-27,626.2306643061922
2018-09-28,625.4799803302077
2018-09-30,625.4799803302077
2018-10-01,632.4864007380913
2018-10-02,628.765873658543
2018-10-03,627.6822974939969
2018-10-04,616.9325815122426
2018-10-05,624.1777305144328
2018-10-07,624.1777305144328
2018-10-08,625.4563335564275
2018-10-09,629.3311312509096
2018-10-10,616.5216340542936
2018-10-11,613.991246193789
2018-10-12,621.7760123462539
2018-10-14,621.7760123462539
2018-10-15,629.0044840091297
2018-10-16,632.0174924500598
2018-10-17,624.7166730519298
2018-10-18,618.3338235403149
2018-10-19,613.553673374812
2018-10-21,613.553673374812
2018-10-22,608.7603371863273
2018-10-23,601.4928483368565
2018-10-24,596.7808315471982
2018-10-25,599.0624237399503
2018-10-26,583.4079308524675
2018-10-28,583.4079308524675
2018-10-29,583.4079308524675
2018-10-30,579.2702731039197
2018-10-31,579.337707297779
2018-11-01,586.4426184416008
2018-11-02,589.3862660418948
2018-11-04,589.3862660418948
2018-11-05,595.8617986291544
2018-11-06,592.6019954183314
2018-11-07,596.1625920955619
2018-11-08,585.5909176645362
2018-11-09,577.7032142306571
2018-11-11,577.7032142306571
2018-11-12,564.587500680493
2018-11-13,566.7275748680478
2018-11-14,566.6516213217581
2018-11-15,566.1886799875657
2018-11-16,569.9695124831208
2018-11-18,569.9695124831208
2018-11-19,570.8758812186045
2018-11-20,559.1964751586165
2018-11-21,558.4121233861587
2018-11-22,559.2495631526307
2018-11-23,557.8544573384565
2018-11-25,557.8544573384565
2018-11-26,560.7428670829545
2018-11-27,559.8290427811543
2018-11-28,563.4551658736849
2018-11-29,566.0450350860565
2018-11-30,567.7041799421067
2018-12-02,567.7041799421067
2018-12-03,574.5672344549325
2018-12-04,571.8891425923491
2018-12-05,574.04396059396
2018-12-06,563.140179217429
2018-12-07,575.4917099777982
2018-12-09,575.4917099777982
2018-12-10,570.7806738117912
2018-12-11,569.7379863808229
2018-12-12,552.2697113766384
2018-12-13,565.107483592614
2018-12-14,553.0743011998753
2018-12-16,553.0743011998753
2018-12-17,551.4359653783204
2018-12-18,549.1015425000508
2018-12-19,550.3808389796233
2018-12-20,546.192647193756
2018-12-21,540.6428064109259
2018-12-23,540.6428064109259
2018-12-24,535.3057846940237
2018-12-25,532.429174470899
2018-12-26,536.0181936175564
2018-12-27,536.8817298984827
2018-12-28,532.9423674791252
2018-12-30,532.9423674791252
2018-12-31,539.4096227075078
2019-01-01,539.4096227075078
2019-01-02,529.1463849959098
2019-01-03,522.3504121398744
2019-01-04,528.3431417553082
2019-01-06,528.3431417553082
2019-01-07,531.8161935044757
2019-01-08,544.8280407903429
2019-01-09,550.488667583422
2019-01-10,549.2920691788713
2019-01-11,551.8721341295167
2019-01-13,551.8721341295167
2019-01-14,557.2150363046264
2019-01-15,563.1768684346792
2019-01-16,563.2631981023092
2019-01-17,560.217152926278
2019-01-18,566.1648988095222
2019-01-20,566.1648988095222
2019-01-21,572.404213425352
2019-01-22,577.6835203615664
2019-01-23,578.5698171176341
2019-01-24,584.0375874199104
2019-01-25,598.3528340301283
2019-01-27,598.3528340301283
2019-01-28,597.1144702553512
2019-01-29,612.0011645667832
2019-01-30,610.2758885129898
2019-01-31,608.7338922922229
2019-02-01,614.2878302189679
2019-02-03,613.673542388749
2019-02-04,609.7283314343388
2019-02-05,617.9456103814791
2019-02-06,622.4570084991655
2019-02-07,627.6205520698874
2019-02-08,618.6993078219805
2019-02-10,618.6993078219805
2019-02-11,627.2109429777387
2019-02-12,624.8381482054275
2019-02-13,613.7615953610498
2019-02-14,611.6371477683997
2019-02-15,612.9390613078681
2019-02-17,612.9390613078681
2019-02-18,612.9216935006391
2019-02-19,614.9641532503778
2019-02-20,619.2785983942471
2019-02-21,626.5189143909801
2019-02-22,633.9471309436922
2019-02-24,633.9471309436922
2019-02-25,643.6914632215652
2019-02-26,648.4437726731337
2019-02-27,643.1978253650211
2019-02-28,650.0664757007297
2019-03-01,643.4128447209832
2019-03-03,643.4128447209832
2019-03-04,651.8709600448636
2019-03-05,656.5417456085195
2019-03-06,657.027365345494
2019-03-07,651.6545052089215
2019-03-08,646.3915271547994
2019-03-10,646.3915271547994
2019-03-11,644.30730118513
2019-03-12,647.1072136641747
2019-03-13,645.4587173148487
2019-03-14,649.0256330133805
2019-03-15,655.4565070121442
2019-03-17,655.4565070121442
2019-03-18,660.5707177791611
2019-03-19,675.0769363068573
2019-03-20,663.1186422288267
2019-03-21,655.1513359786572
2019-03-22,635.6440452211432
2019-03-24,635.6440452211432
2019-03-25,637.5046576071113
2019-03-26,627.8999035768959
2019-03-27,602.5837477115087
2019-03-28,609.9297012425626
2019-03-29,613.4902285460491
2019-03-31,613.4902285460491
2019-04-01,619.0213097317612
2019-04-02,618.0840642093189
2019-04-03,626.6806293407394
2019-04-04,642.9813568651075
2019-04-05,650.9757992530475
2019-04-07,650.9757992530475
2019-04-08,644.9464454402706
2019-04-09,653.9083621772321
2019-04-10,650.2438037676512
2019-04-11,643.7846901260243
2019-04-12,646.8726796727275
2019-04-14,646.8726796727275
2019-04-15,637.8573150312216
2019-04-16,640.7973281025387
2019-04-17,643.5419231178271
2019-04-18,640.4371763872236
2019-04-19,644.934561995678
2019-04-21,644.934561995678
2019-04-22,642.5698437557379
2019-04-23,642.5698437557379
2019-04-24,641.7934623686722
2019-04-25,632.4443591564981
2019-04-26,631.5943261474921
2019-04-28,631.5943261474921
2019-04-29,630.2145669331109
2019-04-30,641.0614508463916
2019-05-01,641.0614508463916
2019-05-02,645.2927658080031
2019-05-03,641.408135929767
2019-05-05,641.408135929767
2019-05-06,638.7295106466587
2019-05-07,637.1847113362089
2019-05-08,643.363660100361
2019-05-09,639.1006921378937
2019-05-10,642.7929105548285
2019-05-12,642.7929105548285
2019-05-13,636.6430887995867
2019-05-14,642.3518955285008
2019-05-15,641.1578751974193
2019-05-16,641.3619720495963
2019-05-17,640.4083522526914
2019-05-19,640.4083522526914
2019-05-20,640.2544293890593
2019-05-21,634.6610497166691
2019-05-22,623.4227220670955
2019-05-23,620.0696269190847
2019-05-24,628.8788533854965
2019-05-26,628.8788533854965
2019-05-27,628.2061150619184
2019-05-28,641.8665158369273
2019-05-29,642.4153456973348
2019-05-30,653.0418281778989
2019-05-31,663.3241142785437
2019-06-02,663.3241142785437
2019-06-03,663.5855624833276
2019-06-04,663.5855624833276
2019-06-05,663.5855624833276
2019-06-06,663.5855624833276
2019-06-07,676.6928866762722
2019-06-09,676.6928866762722
2019-06-10,685.8657085271989
2019-06-11,684.9424739590889
2019-06-12,685.142331495917
2019-06-13,677.5271879280562
2019-06-14,682.88953946472
2019-06-16,682.88953946472
2019-06-17,687.7828586216735
2019-06-18,698.9172188545818
2019-06-19,692.2207690503012
2019-06-20,691.8260043197646
2019-06-21,689.2530044817432
2019-06-23,689.2530044817432
2019-06-24,698.6701737069536
2019-06-25,702.5165286740206
2019-06-26,699.7204183394115
2019-06-27,707.2046729645626
2019-06-28,706.7697423026921
2019-06-30,706.7697423026921
2019-07-01,715.5407914091655
2019-07-02,707.8366860077914
2019-07-03,699.0077742727672
2019-07-04,691.8933330722555
2019-07-05,679.6571961257247
2019-07-07,679.6571961257247
2019-07-08,682.9835247237412
2019-07-09,669.7045347398578
2019-07-10,680.0153944557302
2019-07-11,685.5951327251108
2019-07-12,678.7114155022106
2019-07-14,678.7114155022106
2019-07-15,678.7114155022106
2019-07-16,689.6062659246614
2019-07-17,702.5200076748611
2019-07-18,714.0331096757071
2019-07-19,724.0093136819789
2019-07-21,724.0093136819789
2019-07-22,720.919236620076
2019-07-23,727.9469366802726
2019-07-24,732.5557474162042
2019-07-25,727.4501774583746
2019-07-26,729.096367133552
2019-07-28,729.096367133552
2019-07-29,732.1700668932615
2019-07-30,730.8784655519361
2019-07-31,725.7738837787929
2019-08-01,732.6987819056975
2019-08-02,719.3525870851242
2019-08-04,719.3525870851242
2019-08-05,722.5048272989523
2019-08-06,729.4311266590265
2019-08-07,721.204639412836
2019-08-08,731.0835413300338
2019-08-09,739.0924997357306
2019-08-11,739.0924997357306
2019-08-12,739.0924997357306
2019-08-13,739.0924997357306
2019-08-14,739.0924997357306
2019-08-15,725.0381476720963
2019-08-16,725.749652834152
2019-08-18,725.749652834152
2019-08-19,725.3649916035023
2019-08-20,736.8901895488785
2019-08-21,722.6234815522467
2019-08-22,724.4075694995247
2019-08-23,735.2547399504136
2019-08-25,735.2547399504136
2019-08-26,739.7086059470076
2019-08-27,734.7322776183569
2019-08-28,733.7058800145513
2019-08-29,725.9742641961362
2019-08-30,725.9742641961362
2019-08-31,724.6675105205832
2019-09-01,723.218175499542
2019-09-02,721.4180938095508
2019-09-03,729.6584192159793
2019-09-04,730.5785560767739
2019-09-05,736.2206118947312
2019-09-06,752.5885548691128
2019-09-08,752.5885548691128
2019-09-09,814.8779683084986
2019-09-10,798.139111816634
2019-09-11,801.5719682115443
2019-09-12,811.4730115656755
2019-09-13,820.9187291606199
2019-09-15,820.9187291606199
2019-09-16,853.6854053385777
2019-09-17,830.9521294412467
2019-09-18,884.2375839786032
2019-09-19,876.8083389673924
2019-09-20,872.1040544562663
2019-09-22,872.1040544562663
2019-09-23,883.2503701870269
2019-09-24,888.9553748618163
2019-09-25,897.3349982761351
2019-09-26,878.0536907430773
2019-09-27,887.4957105121814
2019-09-29,887.4957105121814
2019-09-30,895.4280905846333
2019-10-01,877.7832220834978
2019-10-02,890.585767325731
2019-10-03,877.2912574152724
2019-10-04,888.8405143023809
2019-10-06,888.8405143023809
2019-10-07,878.1720946227119
2019-10-08,877.3113663507675
2019-10-09,864.9249502778052
2019-10-10,860.3413253414711
2019-10-11,855.6164507288628
2019-10-13,855.6164507288628
2019-10-14,816.6053240154248
2019-10-15,828.8297483712518
2019-10-16,810.0325987419577
2019-10-17,807.9881049210021
2019-10-18,821.8835308552933
2019-10-20,821.8835308552933
2019-10-21,820.2960751561698
2019-10-22,847.8870705764175
2019-10-23,862.1997442502754
2019-10-24,864.2742202160128
2019-10-25,869.5058147455496
2019-10-27,869.5058147455496
2019-10-28,868.6284301783203
2019-10-29,868.6284301783203
2019-10-30,869.0125424088043
2019-10-31,874.209227164378
2019-11-01,870.4163564759714
2019-11-03,870.0681899333811
2019-11-04,883.6559087827187
2019-11-05,889.3753134068261
2019-11-06,893.8931654257597
2019-11-07,908.1400546551794
2019-11-08,908.1813134764845
2019-11-10,908.1813134764845
2019-11-11,913.1447177998112
2019-11-12,916.6942750088732
2019-11-13,926.2033521911106
2019-11-14,922.0583138758217
2019-11-15,943.8406732086804
2019-11-17,943.8406732086804
2019-11-18,955.1640829758989
2019-11-19,950.8677002469718
2019-11-20,946.28180492128
2019-11-21,940.4087465973173
2019-11-22,932.7619186624515
2019-11-24,932.7619186624515
2019-11-25,922.6759345348349
2019-11-26,925.2457362137145
2019-11-27,919.7836507677791
2019-11-28,938.6361839720229
2019-11-29,943.5397706268376
2019-11-30,943.5397706268376
2019-12-01,942.9736467644615
2019-12-02,1041.1492175283004
2019-12-03,1011.4490565200429
2019-12-04,1027.0364563636736
2019-12-05,1012.2976125418414
2019-12-06,1017.494212195547
2019-12-08,1017.494212195547
2019-12-09,1015.1306948617595
2019-12-10,1008.8430717534943
2019-12-11,981.8092485534567
2019-12-12,1009.6072454150082
2019-12-13,1041.5122693453677
2019-12-15,1041.5122693453677
2019-12-16,1044.2555055022938
2019-12-17,1018.1392760710766
2019-12-18,1060.3132146172484
2019-12-19,1073.643350398459
2019-12-20,1055.116676422728
2019-12-22,1055.116676422728
2019-12-23,1029.3760306820734
2019-12-24,1016.6402899937926
2019-12-25,1018.6447200028606
2019-12-26,1004.9932784452928
2019-12-27,987.3893909350925
2019-12-29,987.3893909350925
2019-12-30,950.3343291128683
2019-12-31,938.2139679476339
2020-01-01,938.2139679476339
2020-01-02,956.8357024336183
2020-01-03,942.3371344493679
2020-01-05,942.3371344493679
2020-01-06,939.0989211704073
2020-01-07,952.6360904303982
2020-01-08,947.788950489632
2020-01-09,974.230660829527
2020-01-10,962.2568569389528
2020-01-12,962.2568569389528
2020-01-13,976.0415736332465
2020-01-14,982.66677925287
2020-01-15,998.505295101167
2020-01-16,984.7792599823035
2020-01-17,994.1483090794275
2020-01-19,994.1483090794275
2020-01-20,1013.397804513186
2020-01-21,1019.5152771255289
2020-01-22,1034.0971100926845
2020-01-23,1029.5671934394134
2020-01-24,1038.5465558735511
2020-01-26,1038.5465558735511
2020-01-27,1034.4059101560902
2020-01-28,1035.8578594073188
2020-01-29,1034.9396141256154
2020-01-30,1024.9181115828876
2020-01-31,1029.0047043399597
2020-02-02,1029.0047043399597
2020-02-03,1046.186771552793
2020-02-04,1054.8863413516815
2020-02-05,1052.2757935189104
2020-02-06,1047.6415394932776
2020-02-07,1055.4158524097652
2020-02-09,1055.4158524097652
2020-02-10,1033.7502642105997
2020-02-11,1052.0033717386282
2020-02-12,1056.0877709343667
2020-02-13,1059.8692946444094
2020-02-14,1063.9156492689908
2020-02-16,1063.9156492689908
2020-02-17,1063.0147292353608
2020-02-18,1054.931775909995
2020-02-19,1056.057551604092
2020-02-20,1011.8910681000306
2020-02-21,1060.5382179070887
2020-02-23,1060.5382179070887
2020-02-24,1071.918628640044
2020-02-25,1065.0997258714308
2020-02-26,1070.3062936102515
2020-02-27,1029.464453837697
2020-02-28,993.5602997817691
2020-02-29,993.5602997817691
2020-03-01,993.3615877218128
2020-03-02,975.4019803390473
2020-03-03,969.3542428823997
2020-03-04,932.1675586332216
2020-03-05,965.0184114372385
2020-03-06,948.3617146930684
2020-03-08,948.3617146930684
2020-03-09,817.231617977201
2020-03-10,715.4103970796584
2020-03-11,660.4427800897415
2020-03-12,545.8145918612829
2020-03-13,593.5196467404974
2020-03-15,593.5196467404974
2020-03-16,535.5565679894047
2020-03-17,513.9220419959303
2020-03-18,510.43918363360524
2020-03-19,478.27806910604465
2020-03-20,477.60340619469304
2020-03-22,477.60340619469304
2020-03-23,451.34023491007406
2020-03-24,493.69696288956493
2020-03-25,534.3466897118354
2020-03-26,583.659722331442
2020-03-27,611.2258240388085
2020-03-29,611.2258240388085
2020-03-30,617.8757020461384
2020-03-31,659.7469742406355
2020-04-01,689.8334746999159
2020-04-02,689.5716797536926
2020-04-03,691.5505172021078
2020-04-05,691.5505172021078
2020-04-06,724.9491217251488
2020-04-07,732.0550430420141
2020-04-08,745.9049247026992
2020-04-09,764.2962264431671
2020-04-10,769.6797039307305
2020-04-12,769.6797039307305
2020-04-13,774.3761196477487
2020-04-14,800.505111600114
2020-04-15,788.6635138254024
2020-04-16,813.6624930464307
2020-04-17,831.6970884559271
2020-04-19,831.6970884559271
2020-04-20,836.8842733882161
2020-04-21,837.1932316386234
2020-04-22,846.7122937281878
2020-04-23,846.7122937281878
2020-04-24,861.2089243831705
2020-04-26,861.2089243831705
2020-04-27,889.5245602658683
2020-04-28,880.2118617643217
2020-04-29,901.325181565703
2020-04-30,898.4604824782001
2020-05-01,898.4604824782001
2020-05-03,898.1010982852089
2020-05-04,881.7711979702133
2020-05-05,890.8748037260378
2020-05-06,906.7118913886603
2020-05-07,896.8960642259744
2020-05-08,875.38746536202
2020-05-10,875.38746536202
2020-05-11,866.7971005221449
2020-05-12,889.8375310183113
2020-05-13,904.0300306603741
2020-05-14,899.6487097299647
2020-05-15,905.27888281692
2020-05-17,905.27888281692
2020-05-18,917.2132723680611
2020-05-19,917.2132723680611
2020-05-20,925.0892992212666
2020-05-21,942.888071984689
2020-05-22,945.71839582533
2020-05-24,945.71839582533
2020-05-25,945.71839582533
2020-05-26,945.71839582533
2020-05-27,956.6765802295018
2020-05-28,964.8635078138025
2020-05-29,953.6450093956424
2020-05-31,953.6450093956424
2020-06-01,961.285086482118
2020-06-02,974.3048063716905
2020-06-03,982.717500287841
2020-06-04,978.294929669937
2020-06-05,981.8583441240444
2020-06-07,981.8583441240444
2020-06-08,978.5379287661681
2020-06-09,982.780848720845
2020-06-10,989.27903181551
2020-06-11,989.6885251073346
2020-06-12,993.4548429195015
2020-06-14,993.4548429195015
2020-06-15,999.4392194078605
2020-06-16,1001.1930073779555
2020-06-17,1003.7300770333711
2020-06-18,1004.6758944438673
2020-06-19,1009.0572920493425
2020-06-21,1009.0572920493425
2020-06-22,1023.9028469624891
2020-06-23,1031.0051316471172
2020-06-24,1029.1104865103787
2020-06-25,1015.6644631680765
2020-06-26,1016.6241493404507
2020-06-28,1016.6241493404507
2020-06-29,1025.5322432765702
2020-06-30,1036.7876755707487
2020-07-01,1039.2423524454737
2020-07-02,1056.3740632222311
2020-07-03,1049.4202305137128
2020-07-05,1049.4202305137128
2020-07-06,1072.7590204384164
2020-07-07,1072.8957679755272
2020-07-08,1071.8339751701117
2020-07-09,1045.6319955897304
2020-07-10,1038.099819580258
2020-07-12,1038.099819580258
2020-07-13,1076.0004039502494
2020-07-14,1071.242910348855
2020-07-15,1071.242910348855
2020-07-16,1085.2959819507967
2020-07-17,1119.9087174506315
2020-07-19,1119.9087174506315
2020-07-20,1125.8083790561911
2020-07-21,1103.9714692134155
2020-07-22,1106.3099497406538
2020-07-23,1106.987697319878
2020-07-24,1111.6246696019155
2020-07-26,1111.6246696019155
2020-07-27,1134.6404479165528
2020-07-28,1115.9802782173922
2020-07-29,1129.5265758868793
2020-07-30,1117.52388911652
2020-07-31,1117.52388911652
2020-08-02,1115.7358508939335
2020-08-03,1113.5043791921457
2020-08-04,1062.0945990192977
2020-08-05,1077.9884919265908
2020-08-06,1020.8762404683757
2020-08-07,1050.9175037534965
2020-08-09,1050.9175037534965
2020-08-10,1065.1352734444476
2020-08-11,1078.4656467848663
2020-08-12,1080.1237910952734
2020-08-13,1056.1797012163663
2020-08-14,1037.3475794344104
2020-08-16,1037.3475794344104
2020-08-17,1025.6787078861164
2020-08-18,1037.4071736387027
2020-08-19,1062.0520995586123
2020-08-20,1063.37198031125
2020-08-21,1048.5569789343767
2020-08-23,1048.5569789343767
2020-08-24,1058.3430329094328
2020-08-25,1046.9745687800314
2020-08-26,1058.8695388311153
2020-08-27,1073.2202625906234
2020-08-28,1068.0373289001939
2020-08-30,1068.0373289001939
2020-08-31,1054.210771301587
2020-09-01,1056.3543409803508
2020-09-02,1049.5913879647533
2020-09-03,1046.1162846108032
2020-09-04,1051.8674431030215
2020-09-06,1051.8674431030215
2020-09-07,1064.2907662372907
2020-09-08,1056.09853496099
2020-09-09,1073.5777303155908
2020-09-10,1063.9358631880161
2020-09-11,1065.9258053984474
2020-09-13,1065.9258053984474
2020-09-14,1073.9305895861182
2020-09-15,1079.1936529835489
2020-09-16,1080.0591536663978
2020-09-17,1078.4555547519928
2020-09-18,1087.3180460486951
2020-09-20,1087.3180460486951
2020-09-21,1053.2422557641528
2020-09-22,1059.9851648375159
2020-09-23,1061.6720015025026
2020-09-24,1069.759533863519
2020-09-25,1075.8254545393027
2020-09-27,1075.8254545393027
2020-09-28,1073.621309288292
2020-09-29,1084.156704251597
2020-09-30,1100.279150171288
2020-10-01,1115.469757795125
2020-10-02,1113.6322814403893
2020-10-04,1113.6322814403893
2020-10-05,1130.5738910840498
2020-10-06,1138.0754977342483
2020-10-07,1148.4818652701902
2020-10-08,1137.5444594646385
2020-10-09,1154.9944914434066
2020-10-11,1154.9944914434066
2020-10-12,1169.6497171499961
2020-10-13,1166.3978455222207
2020-10-14,1191.8833848268534
2020-10-15,1169.0059440157174
2020-10-16,1176.1358091947181
2020-10-18,1176.1358091947181
2020-10-19,1180.2361504800112
2020-10-20,1194.1133723093415
2020-10-21,1204.8867957108519
2020-10-22,1194.6830814186565
2020-10-23,1193.8539037317855
2020-10-25,1193.8539037317855
2020-10-26,1149.648133800012
2020-10-27,1154.1099250538616
2020-10-28,1123.1656617809515
2020-10-29,1123.1656617809515
2020-10-30,1119.5455408213597
2020-10-31,1119.5455408213597
2020-11-01,1118.873813496867
2020-11-02,1150.7642834719354
2020-11-03,1163.7985554017673
2020-11-04,1200.7816733690452
2020-11-05,1210.6956099317106
2020-11-06,1247.4841227331149
2020-11-08,1247.4841227331149
2020-11-09,1256.9673325824135
2020-11-10,1264.4724061018712
2020-11-11,1257.5591834041336
2020-11-12,1230.8432649129957
2020-11-13,1270.0042894733967
2020-11-15,1270.0042894733967
2020-11-16,1276.360166922243
2020-11-17,1246.4790236686663
2020-11-18,1256.1978378753108
2020-11-19,1277.5218955990788
2020-11-20,1329.9061919515252
2020-11-22,1329.9061919515252
2020-11-23,1346.1181174757053
2020-11-24,1388.3350300500767
2020-11-25,1372.7994186958547
2020-11-26,1384.3152755727192
2020-11-27,1357.78238395079
2020-11-29,1357.78238395079
2020-11-30,1315.5589225063961
2020-12-01,1368.0801327757754
2020-12-02,1363.3425691993446
2020-12-03,1356.7878563998415
2020-12-04,1371.7982658979797
2020-12-06,1371.7982658979797
2020-12-07,1377.2338898260061
2020-12-08,1387.3395012899
2020-12-09,1395.3159568717217
2020-12-10,1398.2731236292532
2020-12-11,1411.3655998167426
2020-12-13,1411.3655998167426
2020-12-14,1427.6018372034664
2020-12-15,1440.6478850312992
2020-12-16,1439.1535522846782
2020-12-17,1454.5869331218294
2020-12-18,1447.8822969653402
2020-12-20,1447.8822969653402
2020-12-21,1443.557543616929
2020-12-22,1451.9484121334835
2020-12-23,1481.429340367509
2020-12-24,1537.024914977958
2020-12-25,1547.8194195171689
2020-12-27,1547.8194195171689
2020-12-28,1580.1343710306758
2020-12-29,1594.225117545873
2020-12-30,1600.9235898268823
2020-12-31,1602.5147396549926
2021-01-01,1602.5147396549926
2021-01-03,1601.5532308111995
2021-01-04,1659.1653578368268
2021-01-05,1662.9094454362457
2021-01-06,1667.2795246329513
2021-01-07,1670.0757051562184
2021-01-08,1686.8552748373231
2021-01-10,1686.8552748373231
2021-01-11,1714.4803330852146
2021-01-12,1735.750212096814
2021-01-13,1716.123929641193
2021-01-14,1686.3147372851276
2021-01-15,1684.4022920948646
2021-01-17,1684.4022920948646
2021-01-18,1731.193821337628
2021-01-19,1736.7633461805258
2021-01-20,1737.6100258448273
2021-01-21,1730.2128415630525
2021-01-22,1723.3118852609296
2021-01-24,1723.3118852609296
2021-01-25,1750.9568788384342
2021-01-26,1742.9187848610586
2021-01-27,1653.0668159551396
2021-01-28,1688.2709623165174
2021-01-29,1663.8162731851705
2021-01-31,1663.8162731851705
2021-02-01,1660.4886406388002
2021-02-02,1661.0575963581905
2021-02-03,1680.9707694216486
2021-02-04,1683.6099930244004
2021-02-05,1685.8215713973411
2021-02-07,1685.8215713973411
2021-02-08,1693.1590842199214
2021-02-09,1699.1840521823694
2021-02-10,1706.9960353222941
2021-02-11,1745.8404454260249
2021-02-12,1754.707141224192
2021-02-14,1754.707141224192
2021-02-15,1820.9221552419795
2021-02-16,1807.7762243047544
2021-02-17,1801.2796233126978
2021-02-18,1856.7438066353493
2021-02-19,1844.8389728163038
2021-02-21,1844.8389728163038
2021-02-22,1825.959044810628
2021-02-23,1749.6414835053104
2021-02-24,1701.676548667443
2021-02-25,1677.8420586507639
2021-02-26,1666.5585880823257
2021-02-28,1666.5585880823257
2021-03-01,1828.70529666191
2021-03-02,1782.9537263517852
2021-03-03,1778.7107511577929
2021-03-04,1775.2975767005669
2021-03-05,1779.140462712432
2021-03-07,1779.140462712432
2021-03-08,1768.5814876622462
2021-03-09,1762.4227866510819
2021-03-10,1779.2580577420572
2021-03-11,1770.1595188020244
2021-03-12,1767.3992453219096
2021-03-14,1767.3992453219096
2021-03-15,1756.7189268522784
2021-03-16,1779.9846982868842
2021-03-17,1760.1501435382481
2021-03-18,1733.1893477289866
2021-03-19,1714.6008935419322
2021-03-21,1714.6008935419322
2021-03-22,1546.1425278950132
2021-03-23,1554.1519672108054
2021-03-24,1631.9871334204886
2021-03-25,1616.2429866540467
2021-03-26,1590.9414053757323
2021-03-28,1590.9414053757323
2021-03-29,1608.9496514286363
2021-03-30,1627.7532591897116
2021-03-31,1635.6572883619015
2021-04-01,1677.155290509994
2021-04-02,1716.2484645466811
2021-04-04,1716.2484645466811
2021-04-05,1737.4884073702544
2021-04-06,1703.031376486076
2021-04-07,1688.8207048802485
2021-04-08,1680.9048524329503
2021-04-09,1651.3083793537328
2021-04-11,1651.3083793537328
2021-04-12,1602.7105093405348
2021-04-13,1622.4568291309445
2021-04-14,1661.314050901301
2021-04-15,1629.6017002857343
2021-04-16,1647.4065836790896
2021-04-18,1647.4065836790896
2021-04-19,1609.4802274186281
2021-04-20,1589.5950361300631
2021-04-21,1529.8233628989453
2021-04-22,1560.7168394408948
2021-04-23,1560.7168394408948
2021-04-25,1560.7168394408948
2021-04-26,1603.3049184228678
2021-04-27,1640.2330202705505
2021-04-28,1619.2075399726475
2021-04-29,1638.426305221852
2021-04-30,1643.1609050283141
2021-05-02,1643.1609050283141
2021-05-03,1660.6225998190494
2021-05-04,1665.3662737098355
2021-05-05,1678.5561178036764
2021-05-06,1702.2003324296918
2021-05-07,1713.6394326015352
2021-05-09,1713.6394326015352
2021-05-10,1733.0293820869706
2021-05-11,1730.1647711021349
2021-05-12,1725.6559987687324
2021-05-13,1725.6559987687324
2021-05-14,1725.6559987687324
2021-05-16,1725.6559987687324
2021-05-17,1758.7450350572758
2021-05-18,1766.8350766432668
2021-05-19,1766.8350766432668
2021-05-20,1769.357419059213
2021-05-21,1764.5657977053258
2021-05-23,1764.5657977053258
2021-05-24,1769.4701915348135
2021-05-25,1680.7943927128588
2021-05-26,1701.0965841329498
2021-05-27,1700.4333318514562
2021-05-28,1676.2542962777798
2021-05-30,1676.2542962777798
2021-05-31,1672.966233471248
2021-06-01,1673.4948120518925
2021-06-02,1665.1107645635357
2021-06-03,1650.3709048677986
2021-06-04,1657.4478452179046
2021-06-06,1657.4478452179046
2021-06-07,1674.835920438996
2021-06-08,1666.265016563239
2021-06-09,1670.3319826639142
2021-06-10,1679.223954514765
2021-06-11,1668.987169335962
2021-06-13,1668.987169335962
2021-06-14,1649.4819564004677
2021-06-15,1647.427064584523
2021-06-16,1632.8835582032266
2021-06-17,1620.3219309338904
2021-06-18,1585.440130946823
2021-06-20,1585.440130946823
2021-06-21,1590.8152871559132
2021-06-22,1605.8516056688024
2021-06-23,1610.660520806863
2021-06-24,1619.953835248963
2021-06-25,1613.6263479922852
2021-06-27,1613.6263479922852
2021-06-28,1596.7128039622496
2021-06-29,1612.7592516286743
2021-06-30,1597.7802220471845
2021-07-01,1607.9759031566168
2021-07-02,1605.9230466592326
2021-07-04,1605.9230466592326
2021-07-05,1608.0312908029568
2021-07-06,1602.4105174207218
2021-07-07,1597.4189232593308
2021-07-08,1579.53698526408
2021-07-09,1593.6113517824979
2021-07-11,1593.6113517824979
2021-07-12,1559.9189146775475
2021-07-13,1538.6673136709428
2021-07-14,1576.3158728961287
2021-07-15,1576.3158728961287
2021-07-16,1575.1611124374406
2021-07-18,1575.1611124374406
2021-07-19,1562.7295622499405
2021-07-20,1562.7295622499405
2021-07-21,1562.7295622499405
2021-07-22,1562.7295622499405
2021-07-23,1562.7295622499405
2021-07-25,1562.7295622499405
2021-07-26,1567.4904694102959
2021-07-27,1576.9136303798493
2021-07-28,1580.3830656129437
2021-07-29,1614.1065168419184
2021-07-30,1606.153204972841
2021-07-31,1606.153204972841
2021-08-01,1604.8682824088626
2021-08-02,1621.6838463957013
2021-08-03,1652.9386676332392
2021-08-04,1677.2626374477904
2021-08-05,1696.2731029526433
2021-08-06,1698.1188017291204
2021-08-08,1698.1188017291204
2021-08-09,1694.7928597749485
2021-08-10,1688.7986170179454
2021-08-11,1657.2622102374523
2021-08-12,1689.4735493099465
2021-08-13,1707.9221285244982
2021-08-15,1707.9221285244982
2021-08-16,1709.7465340096878
2021-08-17,1716.273043626139
2021-08-18,1690.2542451215156
2021-08-19,1691.074043033199
2021-08-20,1702.0101857489567
2021-08-22,1702.0101857489567
2021-08-23,1704.0961247869911
2021-08-24,1689.6146607812707
2021-08-25,1679.7190301973615
2021-08-26,1673.5181772524281
2021-08-27,1711.8393509875082
2021-08-29,1711.8393509875082
2021-08-30,1711.8393509875082
2021-08-31,1741.2565318172262
2021-09-01,1748.155052238608
2021-09-02,1746.8652523056924
2021-09-03,1743.7679075015672
2021-09-05,1743.7679075015672
2021-09-06,1752.1014387443074
2021-09-07,1718.7796984131346
2021-09-08,1711.952276381777
2021-09-09,1747.2879246209789
2021-09-10,1749.2686885058135
2021-09-12,1749.2686885058135
2021-09-13,1764.5534353079647
2021-09-14,1773.105633883131
2021-09-15,1766.7267674693414
2021-09-16,1739.6973301412502
2021-09-17,1752.2139738963283
2021-09-19,1752.2139738963283
2021-09-20,1718.051062080006
2021-09-21,1700.3917682025442
2021-09-22,1724.6526653387507
2021-09-23,1735.842284119002
2021-09-24,1709.0409934644285
2021-09-26,1709.0409934644285
2021-09-27,1726.3922088629402
2021-09-28,1728.8860432428085
2021-09-29,1722.6624856696042
2021-09-30,1749.1790340556786
2021-10-01,1754.4178834185661
2021-10-03,1753.0143491118313
2021-10-04,1751.212847255915
2021-10-05,1733.5783952488061
2021-10-06,1698.2577217494231
2021-10-07,1735.9480895792587
2021-10-08,1722.9265962185955
2021-10-10,1722.9265962185955
2021-10-11,1731.6117512764386
2021-10-12,1742.283959396408
2021-10-13,1742.9147635780803
2021-10-14,1743.1783064578826
2021-10-15,1743.6675664457175
2021-10-17,1743.6675664457175
2021-10-18,1762.3591759238357
2021-10-19,1772.2948911794535
2021-10-20,1767.0064437314732
2021-10-21,1808.7067750312576
2021-10-22,1840.6414332319682
2021-10-24,1840.6414332319682
2021-10-25,1872.4541159637197
2021-10-26,1875.9743275102853
2021-10-27,1881.0740780226981
2021-10-28,1886.067880972443
2021-10-29,1886.067880972443
2021-10-31,1886.067880972443
2021-11-01,1879.8597646466703
2021-11-02,1844.2250738012715
2021-11-03,1824.9231398903953
2021-11-04,1861.4057695698882
2021-11-05,1872.087065730965
2021-11-07,1872.087065730965
2021-11-08,1892.6910370963253
2021-11-09,1896.7483490627699
2021-11-10,1920.015513780991
2021-11-11,1951.139347144594
2021-11-12,1983.8120346516034
2021-11-14,1983.8120346516034
2021-11-15,2033.455865126371
2021-11-16,2011.4359972366804
2021-11-17,2030.758471333464
2021-11-18,2049.3528920502604
2021-11-19,2060.650293046581
2021-11-21,2060.650293046581
2021-11-22,2097.7648667923027
2021-11-23,2148.461675054621
2021-11-24,2153.0504401529383
2021-11-25,2182.491098892944
2021-11-26,2170.8920321505807
2021-11-28,2170.8920321505807
2021-11-29,2211.3787731102493
2021-11-30,2233.05322274457
2021-12-01,2275.2772508570984
2021-12-02,2320.325929466236
2021-12-03,2378.2066300072242
2021-12-05,2378.2066300072242
2021-12-06,2359.297233193817
2021-12-07,2423.1187257995807
2021-12-08,2404.7252944101415
2021-12-09,2434.75320757675
2021-12-10,2427.4474406270874
2021-12-12,2427.4474406270874
2021-12-13,2528.1888671471784
2021-12-14,2576.1517432787314
2021-12-15,2533.734856962663
2021-12-16,2643.985525583858
2021-12-17,2429.1222790675533
2021-12-19,2429.1222790675533
2021-12-20,2370.5878374653803
2021-12-21,2216.6832556802483
2021-12-22,2097.803191832552
2021-12-23,2100.5190015084604
2021-12-24,2216.704939896472
2021-12-26,2216.704939896472
2021-12-27,2249.984836947426
2021-12-28,2248.020399875009
2021-12-29,2258.7087795490634
2021-12-30,2215.876090730363
2021-12-31,2247.108773914309
2022-01-02,2247.108773914309
2022-01-03,2320.4275674380465
2022-01-04,2340.5994685291685
2022-01-05,2369.894104794899
2022-01-06,2348.598018804484
2022-01-07,2372.896540038184
2022-01-09,2372.896540038184
2022-01-10,2396.419063618195
2022-01-11,2400.400190737066
2022-01-12,2432.5000520371473
2022-01-13,2444.6749411383335
2022-01-14,2506.0108336069957
2022-01-16,2506.0108336069957
2022-01-17,2530.825759551956
2022-01-18,2416.874846481113
2022-01-19,2481.5239561758617
2022-01-20,2435.750418509079
2022-01-21,2467.4736356743592
2022-01-23,2467.4736356743592
2022-01-24,2357.5158702771632
2022-01-25,2391.747774160679
2022-01-26,2408.1919282174395
2022-01-27,2454.7981083929903
2022-01-28,2463.6579842719016
2022-01-30,2463.6579842719016
2022-01-31,2478.5911757978934
2022-02-01,2519.902003435604
2022-02-02,2469.607545356518
2022-02-03,2418.532230519425
2022-02-04,2417.6579867272335
2022-02-06,2417.6579867272335
2022-02-07,2471.361410085948
2022-02-08,2454.3799075413585
2022-02-09,2503.451123569172
2022-02-10,2485.0531152714125
2022-02-11,2475.2819345269913
2022-02-13,2475.2819345269913
2022-02-14,2422.6753347730682
2022-02-15,2459.303499415032
2022-02-16,2467.052067638781
2022-02-17,2457.6375737836934
2022-02-18,2493.1676134869363
2022-02-20,2493.1676134869363
2022-02-21,2496.1091566786044
2022-02-22,2455.308005946554
2022-02-23,2484.470178022915
2022-02-24,2254.866277347019
2022-02-25,2369.4068250157716
2022-02-27,2369.4068250157716
2022-02-28,2355.570917275828
2022-03-01,2393.6102323827754
2022-03-02,2386.9855676906172
2022-03-03,2450.358942974572
2022-03-04,2415.8013832816187
2022-03-06,2415.8013832816187
2022-03-07,2428.4060059274025
2022-03-08,2461.1114261611006
2022-03-09,2481.0108631732587
2022-03-10,2515.0528487680567
2022-03-11,2524.3631880626463
2022-03-13,2524.3631880626463
2022-03-14,2574.394162907203
2022-03-15,2557.9723922939856
2022-03-16,2582.9400218067794
2022-03-17,2646.4126837347117
2022-03-18,2646.6590338999936
2022-03-20,2646.6590338999936
2022-03-21,2684.0294088913947
2022-03-22,2766.751750437442
2022-03-23,2780.1132511003407
2022-03-24,2775.0458846088773
2022-03-25,2761.3811775821605
2022-03-27,2761.3811775821605
2022-03-28,2763.923700510992
2022-03-29,2785.3891320925495
2022-03-30,2775.068488115633
2022-03-31,2805.671960978157
2022-04-01,2819.1494186528307
2022-04-03,2816.8940991179084
2022-04-04,2948.6189726799835
2022-04-05,2980.558049052172
2022-04-06,2996.2194777391937
2022-04-07,2980.650679597893
2022-04-08,3006.478324239056
2022-04-10,3006.478324239056
2022-04-11,3021.2407204093843
2022-04-12,3056.4574238583123
2022-04-13,3116.319838196338
2022-04-14,3135.656208759268
2022-04-15,3169.2511115234024
2022-04-17,3169.2511115234024
2022-04-18,3247.254928114976
2022-04-19,3245.107388386477
2022-04-20,3258.0409893655083
2022-04-21,3260.7779715543993
2022-04-22,3125.013605749344
2022-04-24,3125.013605749344
2022-04-25,3111.33393620057
2022-04-26,3042.5267132234494
2022-04-27,3070.0799563139653
2022-04-28,3059.803327271846
2022-04-29,3089.3816728356724
2022-04-30,3089.3816728356724
2022-05-01,3087.528043831971
2022-05-02,3087.528043831971
2022-05-03,3087.528043831971
2022-05-04,3087.528043831971
2022-05-05,3145.0918797212807
2022-05-06,3204.5452960742723
2022-05-08,3204.5452960742723
2022-05-09,3218.556394528949
2022-05-10,3225.228850592267
2022-05-11,3176.19115413805
2022-05-12,3066.8894598895536
2022-05-13,3148.981522684314
2022-05-15,3148.981522684314
2022-05-16,3161.770797978212
2022-05-17,3152.8960079503836
2022-05-18,3136.2110508637898
2022-05-19,3136.2110508637898
2022-05-20,3098.760892050648
2022-05-22,3098.760892050648
2022-05-23,3081.1847787329584
2022-05-24,3109.3295029615615
2022-05-25,3135.7134396913916
2022-05-26,3205.0832561450347
2022-05-27,3230.5133637307204
2022-05-29,3230.5133637307204
2022-05-30,3325.1545332848546
2022-05-31,3367.7685038778955
2022-06-01,3439.3262519063146
2022-06-02,3481.602997514839
2022-06-03,3473.557963311205
2022-06-05,3473.557963311205
2022-06-06,3494.0425954857246
2022-06-07,3498.537559407338
2022-06-08,3338.4445267421083
2022-06-09,3372.8613137529655
2022-06-10,3295.5456274302073
2022-06-12,3295.5456274302073
2022-06-13,3215.8117272908516
2022-06-14,3250.9782760209914
2022-06-15,3277.9690413712387
2022-06-16,3238.5539317161147
2022-06-17,3320.1099388580683
2022-06-19,3320.1099388580683
2022-06-20,3314.846188874958
2022-06-21,3369.143499108802
2022-06-22,3359.401569837633
2022-06-23,3338.3535969197706
2022-06-24,3388.9361611848844
2022-06-26,3388.9361611848844
2022-06-27,3340.5823521508955
2022-06-28,3289.6447575068737
2022-06-29,3167.711657962045
2022-06-30,3161.8561918614005
2022-07-01,3274.2972782279403
2022-07-03,3270.368121494067
2022-07-04,3206.163299456815
2022-07-05,3201.2289091450443
2022-07-06,3225.2056585120363
2022-07-07,3275.104159151586
2022-07-08,3339.2281570563428
2022-07-10,3339.2281570563428
2022-07-11,3339.2281570563428
2022-07-12,3339.2281570563428
2022-07-13,3447.4891435496374
2022-07-14,3446.525619593942
2022-07-15,3446.525619593942
2022-07-17,3446.525619593942
2022-07-18,3447.5556771711076
2022-07-19,3483.0835657739117
2022-07-20,3460.7174425291296
2022-07-21,3470.146882080032
2022-07-22,3472.427527578959
2022-07-24,3472.427527578959
2022-07-25,3474.5027218941264
2022-07-26,3464.1598087599114
2022-07-27,3474.668077024771
2022-07-28,3524.028312501388
2022-07-29,3559.845905752734
2022-07-31,3559.845905752734
2022-08-01,3673.7016252358403
2022-08-02,3653.118286485005
2022-08-03,3661.6565254481434
2022-08-04,3728.778258517739
2022-08-05,3738.820823940619
2022-08-07,3738.820823940619
2022-08-08,3798.573018673262
2022-08-09,3761.0308527224956
2022-08-10,3710.469744897341
2022-08-11,3692.086912781672
2022-08-12,3678.957915833273
2022-08-14,3678.957915833273
2022-08-15,3677.0955763096804
2022-08-16,3701.9499425481663
2022-08-17,3735.383168718471
2022-08-18,3760.0525579258274
2022-08-19,3846.045110241913
2022-08-21,3846.045110241913
2022-08-22,3875.942195916773
2022-08-23,3906.739010326394
2022-08-24,3904.491150896705
2022-08-25,3926.3993223078055
2022-08-26,3930.387464995761
2022-08-28,3930.387464995761
2022-08-29,3914.861884467177
2022-08-30,3914.861884467177
2022-08-31,3951.6113120402483
2022-09-01,3955.5540869817314
2022-09-02,4036.024855182078
2022-09-04,4036.024855182078
2022-09-05,4174.2570598663115
2022-09-06,4132.851751244699
2022-09-07,4184.784058627319
2022-09-08,4244.84988020893
2022-09-09,4267.2535615767765
2022-09-11,4267.2535615767765
2022-09-12,4371.755528901962
2022-09-13,4173.796094254405
2022-09-14,4297.030443928986
2022-09-15,4265.146456695202
2022-09-16,4304.006611383056
2022-09-18,4304.006611383056
2022-09-19,4177.464035988195
2022-09-20,4229.2451756792625
2022-09-21,4257.018975378036
2022-09-22,4342.827233244315
2022-09-23,4373.197256031834
2022-09-25,4373.197256031834
2022-09-26,4342.104274019616
2022-09-27,4299.04210284984
2022-09-28,4250.929742117954
2022-09-29,4157.572716263368
2022-09-30,4252.956915865644
2022-10-02,4252.956915865644
2022-10-03,4414.641803146638
2022-10-04,4567.294729255448
2022-10-05,4638.494707843988
2022-10-06,4712.789044506845
2022-10-07,4797.610398029571
2022-10-09,4797.610398029571
2022-10-10,4809.490652881083
2022-10-11,4771.077135990026
2022-10-12,4716.539146697442
2022-10-13,4723.694215946701
2022-10-14,4869.3682795512805
2022-10-16,4869.3682795512805
2022-10-17,5031.864820658378
2022-10-18,5002.414732504146
2022-10-19,4919.848820691936
2022-10-20,4929.257569363711
2022-10-21,5051.600436227447
2022-10-23,5051.600436227447
2022-10-24,5156.434566492297
2022-10-25,5105.2495474932675
2022-10-26,5205.2720598698
2022-10-27,5215.153780162538
2022-10-28,5183.435685825103
2022-10-30,5183.435685825103
2022-10-31,5368.514179672825
2022-11-01,5406.567803823195
2022-11-02,5505.858294700375
2022-11-03,5586.6445927841105
2022-11-04,5663.715762345746
2022-11-06,5663.715762345746
2022-11-07,5717.551413008527
2022-11-08,5680.871967707552
2022-11-09,5825.534990411508
2022-11-10,6036.2979746363835
2022-11-11,6225.260051317435
2022-11-13,6225.260051317435
2022-11-14,6461.839024618204
2022-11-15,6412.693368065209
2022-11-16,6427.837380450554
2022-11-17,6367.5812886347285
2022-11-18,6448.490507273694
2022-11-20,6448.490507273694
2022-11-21,6668.1531898403255
2022-11-22,7006.716797586705
2022-11-23,7206.0194841515495
2022-11-24,7412.436259170672
2022-11-25,7612.333368977733
2022-11-27,7612.333368977733
2022-11-28,7554.391529997366
2022-11-29,7607.944898486039
2022-11-30,7774.847299588174
2022-12-01,8027.714722806067
2022-12-02,8033.222043141667
2022-12-04,8033.222043141667
2022-12-05,7878.0114199400805
2022-12-06,7878.206570022149
2022-12-07,7598.102075351041
2022-12-08,7860.235629698883
2022-12-09,8150.3078735735235
2022-12-11,8150.3078735735235
2022-12-12,8468.794779271604
2022-12-13,8686.57490105868
2022-12-14,8461.08905085026
2022-12-15,8461.440020741069
2022-12-16,8435.301301653213
2022-12-18,8435.301301653213
2022-12-19,8524.26273407217
2022-12-20,8662.658122263738
2022-12-21,8739.623277129474
2022-12-22,8864.761020844127
2022-12-23,8901.092754735924
2022-12-25,8901.092754735924
2022-12-26,9144.130965362448
2022-12-27,9281.950881953471
2022-12-28,9017.856150760126
2022-12-29,9297.906629632778
2022-12-30,9455.968351268504
2022-12-31,9455.968351268504
2023-01-01,9437.056414565966
2023-01-02,9667.712609948916
2023-01-03,9394.028048682285
2023-01-04,9236.057019594993
2023-01-05,8580.313214210195
2023-01-06,8786.905658900825
2023-01-08,8786.905658900825
2023-01-09,8535.50425615473
2023-01-10,8174.579564291206
2023-01-11,7802.86544434253
2023-01-12,8080.723041925628
2023-01-13,8175.139865839868
2023-01-15,8175.139865839868
2023-01-16,8453.256784593252
2023-01-17,8631.688687577825
2023-01-18,8754.874670144665
2023-01-19,8817.24025679037
2023-01-20,8918.41946392365
2023-01-22,8918.41946392365
2023-01-23,8814.498407210958
2023-01-24,8824.796873524658
2023-01-25,8615.248289969013
2023-01-26,8629.656928053895
2023-01-27,8510.14561769144
2023-01-29,8510.14561769144
2023-01-30,8372.553619618086
2023-01-31,8188.838235989746
2023-02-01,7661.416802468814
2023-02-02,7621.944647947395
2023-02-03,8045.931720766101
2023-02-05,8045.931720766101
2023-02-06,8075.429117102191
2023-02-07,7509.7865905550325
2023-02-08,7509.7865905550325
2023-02-09,7509.7865905550325
2023-02-10,7509.7865905550325
2023-02-12,7509.7865905550325
2023-02-13,7509.7865905550325
2023-02-14,7509.7865905550325
2023-02-15,8248.91476582346
2023-02-16,8249.85034940864
2023-02-17,8313.74985289209
2023-02-19,8313.74985289209
2023-02-20,8676.569781377808
2023-02-21,8717.255602132404
2023-02-22,8779.63403697962
2023-02-23,8867.025012140972
2023-02-24,9172.619629039473
2023-02-26,9172.619629039473
2023-02-27,9396.556581740919
2023-02-28,9450.681874057505
2023-03-01,9445.317080116858
2023-03-02,9268.456876309034
2023-03-03,9350.064787868541
2023-03-05,9350.064787868541
2023-03-06,9546.36442433096
2023-03-07,9645.630818844165
2023-03-08,9451.162706297853
2023-03-09,9566.939445781583
2023-03-10,9343.717526089755
2023-03-12,9343.717526089755
2023-03-13,9248.421850167526
2023-03-14,9205.393159847872
2023-03-15,9041.191654932338
2023-03-16,9252.87866365035
2023-03-17,9260.915490426865
2023-03-19,9260.915490426865
2023-03-20,8838.741774039549
2023-03-21,8833.74182022232
2023-03-22,8925.90409861626
2023-03-23,8984.544759976508
2023-03-24,9013.24254702018
2023-03-26,9013.24254702018
2023-03-27,9006.606987849853
2023-03-28,8600.787670517479
2023-03-29,8677.043944261544
2023-03-30,8626.76141207249
2023-03-31,8447.99833292553
2023-04-02,8447.99833292553
2023-04-03,8429.976426171443
2023-04-04,8622.093257123443
2023-04-05,8544.966738362713
2023-04-06,8556.270865642702
2023-04-07,8628.533238274451
2023-04-09,8628.533238274451
2023-04-10,8741.599198065023
2023-04-11,8857.791399625736
2023-04-12,9016.55510289297
2023-04-13,9006.022991616868
2023-04-14,9021.480126007253
2023-04-16,9021.480126007253
2023-04-17,8919.160705618915
2023-04-18,9012.14682426222
2023-04-19,9105.171180171385
2023-04-20,9124.449860707202
2023-04-21,9124.449860707202
2023-04-23,9124.449860707202
2023-04-24,9185.824906956204
2023-04-25,9016.285536823149
2023-04-26,8946.860713399821
2023-04-27,8952.921313191824
2023-04-28,8670.06063226113
2023-04-30,8670.06063226113
2023-05-01,8652.720510996607
2023-05-02,8450.723584902642
2023-05-03,8444.177868442437
2023-05-04,8428.595366140957
2023-05-05,8352.195408387468
2023-05-07,8352.195408387468
2023-05-08,8756.500585243719
2023-05-09,8878.351796454794
2023-05-10,8904.909074538331
2023-05-11,9611.791053200524
2023-05-12,9527.472790406564
2023-05-14,9527.472790406564
2023-05-15,8940.689666199874
2023-05-16,8924.714947764156
2023-05-17,9092.543316856843
2023-05-18,8858.730174008422
2023-05-19,8858.730174008422
2023-05-21,8858.730174008422
2023-05-22,8638.639353798177
2023-05-23,8672.737980632748
2023-05-24,8597.899649640458
2023-05-25,8670.423412321486
2023-05-26,8858.328045002992
2023-05-28,8858.328045002992
2023-05-29,9105.271521290952
2023-05-30,9561.74863644538
2023-05-31,9548.31424450946
2023-06-01,9702.325844724539
2023-06-02,10004.12801220527
2023-06-04,10004.12801220527
2023-06-05,10341.05066281944
2023-06-06,10283.404767379043
2023-06-07,10420.905285623434
2023-06-08,10561.451304911781
2023-06-09,10486.392520191494
2023-06-11,10486.392520191494
2023-06-12,10307.942549014857
2023-06-13,10158.154796239585
2023-06-14,10070.379864783648
2023-06-15,10494.140708629502
2023-06-16,10389.389045661213
2023-06-18,10389.389045661213
2023-06-19,10115.968038597362
2023-06-20,10241.993532826948
2023-06-21,10226.10046603153
2023-06-22,10499.121079807102
2023-06-23,10861.010109525734
2023-06-25,10861.010109525734
2023-06-26,11132.328629261041
2023-06-27,11322.10548352341
2023-06-28,11322.10548352341
2023-06-29,11322.10548352341
2023-06-30,11322.10548352341
2023-07-02,11322.10548352341
2023-07-03,11771.12396962574
2023-07-04,11713.162298343497
2023-07-05,11855.667492702461
2023-07-06,12041.514878446642
2023-07-07,12200.68820236696
2023-07-09,12200.68820236696
2023-07-10,12313.307242916702
2023-07-11,12668.764147922939
2023-07-12,12785.901585775191
2023-07-13,13017.922143018479
2023-07-14,13082.769291863726
2023-07-16,13082.769291863726
2023-07-17,13231.98970408883
2023-07-18,12678.316295792787
2023-07-19,13158.58995016835
2023-07-20,13341.251640357943
2023-07-21,13429.298013327492
2023-07-23,13429.298013327492
2023-07-24,13587.441363037986
2023-07-25,13531.054813460005
2023-07-26,13559.802947390534
2023-07-27,13939.208554945895
2023-07-28,14412.052613943082
2023-07-30,14412.052613943082
2023-07-31,14707.950408482906
2023-08-01,14734.628230290733
2023-08-02,14970.222621002058
2023-08-03,14863.651700006987
2023-08-04,15506.769909846134
2023-08-06,15506.769909846134
2023-08-07,15885.79378188334
2023-08-08,16027.491882090715
2023-08-09,16787.56135632358
2023-08-10,16514.224011090188
2023-08-11,16953.523520048242
2023-08-13,16953.523520048242
2023-08-14,16903.013977023256
2023-08-15,17233.40601603961
2023-08-16,17455.520814594292
2023-08-17,17718.61561084372
2023-08-18,17185.94543767213
2023-08-20,17185.94543767213
2023-08-21,17614.74783539268
2023-08-22,17698.97071133201
2023-08-23,17471.186300124937
2023-08-24,17993.324475668913
2023-08-25,18238.42140885036
2023-08-27,18238.42140885036
2023-08-28,18461.684128789697
2023-08-29,18315.727692380246
2023-08-30,18315.727692380246
2023-08-31,18198.108220043436
2023-09-01,18227.508487637806
2023-09-03,18209.280979150168
2023-09-04,18320.48371584345
2023-09-05,18567.678300981555
2023-09-06,18711.18179880938
2023-09-07,19148.641055763506
2023-09-08,19241.132156692496
2023-09-10,19241.132156692496
2023-09-11,18885.0452965717
2023-09-12,18972.582113110293
2023-09-13,18458.332358870426
2023-09-14,18395.520294928672
2023-09-15,18066.71544070812
2023-09-17,18066.71544070812
2023-09-18,17373.959317362962
2023-09-19,17781.59943155086
2023-09-20,17988.57831080558
2023-09-21,19030.4390830204
2023-09-22,19401.623272374167
2023-09-24,19401.623272374167
2023-09-25,20077.416472604124
2023-09-26,19587.917266023873
2023-09-27,19831.955020288086
2023-09-28,19646.747056904027
2023-09-29,19924.98962484909
2023-09-30,19924.98962484909
2023-10-01,19885.139645599393
2023-10-02,20075.400183514677
2023-10-03,20413.894033751978
2023-10-04,19966.67851627374
2023-10-05,20351.02453103427
2023-10-06,20301.715088085934
2023-10-08,20301.715088085934
2023-10-09,19535.252493524677
2023-10-10,20236.167389778755
2023-10-11,20091.274617199888
2023-10-12,19766.557619597257
2023-10-13,19126.423965588663
2023-10-15,19126.423965588663
2023-10-16,18636.364507177906
2023-10-17,19350.240856474782
2023-10-18,19118.88562697961
2023-10-19,19158.56005923205
2023-10-20,18456.51172032223
2023-10-22,18456.51172032223
2023-10-23,19130.373116872674
2023-10-24,19861.157870873914
2023-10-25,18539.402136914272
2023-10-26,19239.483173548382
2023-10-27,19470.59923839035
2023-10-29,19470.59923839035
2023-10-30,19730.49105452799
2023-10-31,19260.04560314299
2023-11-01,19099.25328948708
2023-11-02,19003.681807615307
2023-11-03,19140.33012972035
2023-11-05,19140.33012972035
2023-11-06,19387.857871038097
2023-11-07,19505.983040214356
2023-11-08,19706.448558865926
2023-11-09,19901.52340888095
2023-11-10,19829.24331181859
2023-11-12,19829.24331181859
2023-11-13,19340.548323700605
2023-11-14,19606.69206747605
2023-11-15,19445.73568326342
2023-11-16,19469.021763071814
2023-11-17,19813.131337314564
2023-11-19,19813.131337314564
2023-11-20,19649.927801142374
2023-11-21,19621.380383057447
2023-11-22,19410.099726439435
2023-11-23,19403.871889106806
2023-11-24,19456.708293038027
2023-11-26,19456.708293038027
2023-11-27,19201.375877578103
2023-11-28,19203.40620328693
2023-11-29,18729.90968756838
2023-11-30,18562.407558438805
2023-12-01,18400.954594337785
2023-12-03,18378.87344882458
2023-12-04,18555.797556255817
2023-12-05,18843.776271679773
2023-12-06,18396.428624829794
2023-12-07,18295.677125639566
2023-12-08,18201.59627785997
2023-12-10,18201.59627785997
2023-12-11,18029.97409971016
2023-12-12,18689.394740438718
2023-12-13,18161.04333030316
2023-12-14,18634.220249501308
2023-12-15,18688.56843603881
2023-12-17,18688.56843603881
2023-12-18,18477.093292299167
2023-12-19,18307.482050627375
2023-12-20,18116.167823234286
2023-12-21,18519.921291455663
2023-12-22,18370.591041767773
2023-12-24,18370.591041767773
2023-12-25,17531.64630221089
2023-12-26,17381.571743706092
2023-12-27,17337.17153174969
2023-12-28,17641.90943203804
2023-12-29,18256.52789379812
2023-12-31,18256.52789379812
2024-01-01,18256.52789379812
2024-01-02,18710.327665651286
2024-01-03,18306.119501083664
2024-01-04,18703.809786998416
2024-01-05,19056.793887670745
2024-01-07,19056.793887670745
2024-01-08,19363.262735378532
2024-01-09,19050.898399690228
2024-01-10,19388.130313991638
2024-01-11,19438.286456690017
2024-01-12,19667.351938682998
2024-01-14,19667.351938682998
2024-01-15,20117.656903026906
2024-01-16,20085.838888817863
2024-01-17,19825.35963387644
2024-01-18,19749.7996793916
2024-01-19,19952.429846817817
2024-01-21,19952.429846817817
2024-01-22,20211.458678625568
2024-01-23,20094.294314881652
2024-01-24,20414.256437919812
2024-01-25,20862.34576424225
2024-01-26,21199.50044275606
2024-01-28,21199.50044275606
2024-01-29,21440.473963436394
2024-01-30,21963.054043406268
2024-01-31,22021.766688436397
2024-02-01,22418.629436504965
2024-02-02,22629.22880812811
2024-02-04,22629.22880812811
2024-02-05,23289.755758677504
2024-02-06,23298.455644680478
2024-02-07,23182.96672679492
2024-02-08,23253.975563827997
2024-02-09,23246.412750628846
2024-02-11,23246.412750628846
2024-02-12,23375.70704218103
2024-02-13,22565.38536183299
2024-02-14,22999.14833217013
2024-02-15,23035.263252223325
2024-02-16,22920.799223581507
2024-02-18,22920.799223581507
2024-02-19,22882.12802339487
2024-02-20,23155.393053519914
2024-02-21,22904.049349018267
2024-02-22,23221.121058011613
2024-02-23,23479.861627483584
2024-02-25,23479.861627483584
2024-02-26,23580.79609480065
2024-02-27,22998.12609561169
2024-02-28,22811.50135238446
2024-02-29,23083.310705352073
2024-03-01,23035.703322553036
2024-03-03,23012.667619230484
2024-03-04,22896.96230512728
2024-03-05,23333.10719382178
2024-03-06,23077.60741323042
2024-03-07,23804.50712129237
2024-03-08,23698.68644558742
2024-03-10,23698.68644558742
2024-03-11,23422.899675200875
2024-03-12,23241.540081389525
2024-03-13,23301.68910953974
2024-03-14,23787.381164694172
2024-03-15,23581.737994809155
2024-03-17,23581.737994809155
2024-03-18,23067.415187151986
2024-03-19,23873.49035623421
2024-03-20,24061.59065981452
2024-03-21,24034.01564218403
2024-03-22,24161.981513924784
2024-03-24,24161.981513924784
2024-03-25,23318.07416143985
2024-03-26,22922.588762887175
2024-03-27,22856.326494141136
2024-03-28,23134.79135342015
2024-03-29,23447.546366802482
2024-03-31,23447.546366802482
2024-04-01,23133.90983265592
2024-04-02,23049.230399042564
2024-04-03,22865.20150856271
2024-04-04,23303.03780024003
2024-04-05,24482.50672277375
2024-04-07,24482.50672277375
2024-04-08,25068.819711779
2024-04-09,25174.7143571611
2024-04-10,25174.7143571611
2024-04-11,25174.7143571611
2024-04-12,25174.7143571611
2024-04-14,25174.7143571611
2024-04-15,25079.863082530654
2024-04-16,24815.043973826007
2024-04-17,24998.69783978616
2024-04-18,24973.41687847944
2024-04-19,25238.123152487533
2024-04-21,25238.123152487533
2024-04-22,25119.35605786719
2024-04-23,25119.35605786719
2024-04-24,25044.326010975874
2024-04-25,24932.063539728653
2024-04-26,25231.662663255232
2024-04-28,25231.662663255232
2024-04-29,25196.17609536111
2024-04-30,25025.529146109184
2024-05-01,25025.529146109184
2024-05-02,25350.57098980718
2024-05-03,25457.622143990022
2024-05-05,25457.622143990022
2024-05-06,25588.40464434423
2024-05-07,25815.49928956429
2024-05-08,25736.142428002473
2024-05-09,26195.903339164095
2024-05-10,26319.933685187192
2024-05-12,26319.933685187192
2024-05-13,26228.732515719385
2024-05-14,26563.576171783327
2024-05-15,26749.321404232363
2024-05-16,27239.085034045824
2024-05-17,27944.754435017832
2024-05-19,27944.754435017832
2024-05-20,28262.808782375672
2024-05-21,28432.462209379097
2024-05-22,28736.13113412132
2024-05-23,28413.659639961876
2024-05-24,28061.960193190855
2024-05-26,28061.960193190855
2024-05-27,27782.264183505624
2024-05-28,27913.280597789184
2024-05-29,27755.667376189333
2024-05-30,27828.111389162925
2024-05-31,27873.16153210682
2024-06-02,27873.16153210682
2024-06-03,27700.354917698052
2024-06-04,27247.67045078558
2024-06-05,27120.522405788175
2024-06-06,26858.33740469091
2024-06-07,26687.743091858956
2024-06-09,26687.743091858956
2024-06-10,26198.603193506926
2024-06-11,26133.803737349288
2024-06-12,26452.69548526484
2024-06-13,26712.5112256724
2024-06-14,27129.36131893761
2024-06-16,27129.36131893761
2024-06-17,27129.36131893761
2024-06-18,27129.36131893761
2024-06-19,27129.36131893761
2024-06-20,27693.260478692333
2024-06-21,27612.635624826202
2024-06-23,27612.635624826202
2024-06-24,27539.808611640186
2024-06-25,27669.65059517146
2024-06-26,27245.599278585993
2024-06-27,27808.963530175
2024-06-28,27425.602018500154
2024-06-30,27425.602018500154
2024-07-01,26942.920534475998
2024-07-02,27485.198441151722
2024-07-03,27794.931960397167
2024-07-04,28231.755634330835
2024-07-05,27923.83574190361
2024-07-07,27923.83574190361
2024-07-08,27934.59672963582
2024-07-09,27736.14341156957
2024-07-10,27504.63211158677
2024-07-11,28047.427524736577
2024-07-12,28190.65652344066
2024-07-14,28190.65652344066
2024-07-15,28190.65652344066
2024-07-16,28175.51264679239
2024-07-17,28012.71642212566
2024-07-18,28280.876051923064
2024-07-19,28327.100596364988
2024-07-21,28327.100596364988
2024-07-22,28642.66604724434
2024-07-23,28690.804859788033
2024-07-24,27860.944414439804
2024-07-25,27588.595390100843
2024-07-26,27957.091332059514
2024-07-28,27957.091332059514
2024-07-29,27447.161016189548
2024-07-30,27357.885807275306
2024-07-31,27316.296592880353
2024-08-01,27639.825717843894
2024-08-02,26892.563077658793
2024-08-04,26892.563077658793
2024-08-05,25821.42596870691
2024-08-06,26415.808622251163
2024-08-07,26648.710877156598
2024-08-08,26839.654832345816
2024-08-09,26735.080651962202
2024-08-11,26735.080651962202
2024-08-12,26267.92786894068
2024-08-13,26398.212985829432
2024-08-14,26771.016022281154
2024-08-15,27096.65002903238
2024-08-16,26671.08524754248
2024-08-18,26671.08524754248
2024-08-19,27069.398441029865
2024-08-20,27003.930144346814
2024-08-21,27173.1480179394
2024-08-22,26883.76500350493
2024-08-23,26529.923702467622
2024-08-25,26529.923702467622
2024-08-26,26068.595447729036
2024-08-27,26484.7992519049
2024-08-28,26710.22147740874
2024-08-29,27201.636083880472
2024-08-30,27201.636083880472
2024-08-31,27163.55379336304
2024-09-01,27109.226685776313
2024-09-02,26442.004139273246
2024-09-03,26627.589902973476
2024-09-04,26111.169484980444
2024-09-05,26018.52614346714
2024-09-06,25720.50089848933
2024-09-08,25720.50089848933
2024-09-09,25723.800704901387
2024-09-10,25336.628227968962
2024-09-11,25199.443297824724
2024-09-12,25592.509425106855
2024-09-13,25792.834492672955
2024-09-15,25792.834492672955
2024-09-16,25161.875612416145
2024-09-17,25416.56212932336
2024-09-18,25819.60997532458
2024-09-19,25997.734255180476
2024-09-20,25660.84227765907
2024-09-22,25660.84227765907
2024-09-23,25462.667193873087
2024-09-24,24942.2582364001
2024-09-25,24563.26891115294
2024-09-26,24190.036016898463
2024-09-27,24095.99414302298
2024-09-29,24095.99414302298
2024-09-30,23547.57904336937
2024-10-01,23326.35899051026
2024-10-02,22467.074688536813
2024-10-03,22343.910841690387
2024-10-04,23126.740547129924
2024-10-06,23126.740547129924
2024-10-07,23182.248185976518
2024-10-08,23290.330448043613
2024-10-09,23665.98615998257
2024-10-10,23463.122192684183
2024-10-11,23390.440405538917
2024-10-13,23390.440405538917
2024-10-14,22904.514208183973
2024-10-15,23245.57927188562
2024-10-16,23510.533152942615
2024-10-17,23475.294131051218
2024-10-18,23034.333061857575
2024-10-20,23034.333061857575
2024-10-21,22678.87672309646
2024-10-22,23315.66943505368
2024-10-23,22958.40914397061
2024-10-24,23448.244470155365
2024-10-25,23419.968934293203
2024-10-27,23419.968934293203
2024-10-28,23411.208370124234
2024-10-29,23411.208370124234
2024-10-30,23440.778838723105
2024-10-31,23362.638214777435
2024-11-01,23343.87233433586
2024-11-03,23334.534785402127
2024-11-04,22950.07196131278
2024-11-05,22963.44221740339
2024-11-06,23344.220623215664
2024-11-07,23613.389691642016
2024-11-08,24114.717876937695
2024-11-10,24114.717876937695
2024-11-11,24031.595848976776
2024-11-12,24086.675192481376
2024-11-13,24422.735653442316
2024-11-14,24918.243101423235
2024-11-15,24829.55813530634
2024-11-17,24829.55813530634
2024-11-18,24861.859003322956
2024-11-19,24493.92833513527
2024-11-20,23990.208633716826
2024-11-21,24433.97044318548
2024-11-22,24711.067475899843
2024-11-24,24711.067475899843
2024-11-25,24959.30598911743
2024-11-26,25005.3223401193
2024-11-27,24665.31234777844
2024-11-28,24766.787922221283
2024-11-29,25451.8876119088
2024-11-30,25451.8876119088
2024-12-01,25436.616479341654
2024-12-02,26215.43136796971
2024-12-03,25764.409425342554
2024-12-04,25708.23177408159
2024-12-05,26271.860978465495
2024-12-06,25870.48365956884
2024-12-08,25870.48365956884
2024-12-09,24973.055092959974
2024-12-10,24731.0333355063
2024-12-11,24349.788286837997
2024-12-12,24683.938665319965
2024-12-13,24498.598216893282
2024-12-15,24498.598216893282
2024-12-16,24755.81466333791
2024-12-17,23883.084782598264
2024-12-18,23370.043458355856
2024-12-19,23295.662991070105
2024-12-20,23022.533565854792
2024-12-22,23022.533565854792
2024-12-23,22361.642669402343
2024-12-24,23361.153975632635
2024-12-25,23604.61003659653
2024-12-26,23776.931160247903
2024-12-27,24542.82782392718
2024-12-29,24542.82782392718
2024-12-30,25127.137395174028
2024-12-31,24416.912189958904
2025-01-01,24416.912189958904
2025-01-02,24590.13765160075
2025-01-03,24276.243723345142
2025-01-05,24276.243723345142
2025-01-06,24166.199667377557
2025-01-07,23947.414835738335
2025-01-08,23797.208796797302
2025-01-09,24130.103053057992
2025-01-10,24040.861876048777
2025-01-12,24040.861876048777
2025-01-13,23875.925920518934
2025-01-14,23769.196831765792
2025-01-15,23858.59540263859
2025-01-16,24248.305480065123
2025-01-17,24442.154322207043
2025-01-19,24442.154322207043
2025-01-20,24505.86676444836
2025-01-21,24465.28223531659
2025-01-22,24622.590400896763
2025-01-23,24490.95314620076
2025-01-24,24739.82152016692
2025-01-26,24739.82152016692
2025-01-27,24490.123573187473
2025-01-28,24657.004292709807
2025-01-29,24528.418649198094
2025-01-30,24907.318112488232
2025-01-31,24963.596082631742
2025-02-02,24963.596082631742
2025-02-03,24732.17763743724
2025-02-04,24699.49666549829
2025-02-05,24447.205887364304
2025-02-06,24577.076895625705
2025-02-07,24781.780368478037
2025-02-09,24781.780368478037
2025-02-10,24751.528743856394
2025-02-11,24953.842658642552
2025-02-12,24725.745084703605
2025-02-13,24751.484590918797
2025-02-14,24654.456143429525
2025-02-16,24654.456143429525
2025-02-17,24436.438077960272
2025-02-18,24685.181134628725
2025-02-19,24394.107017591963
2025-02-20,24656.802805190076
2025-02-21,24367.101209918244
2025-02-23,24367.101209918244
2025-02-24,24275.015502124985
2025-02-25,23815.585292769996
2025-02-26,24027.525307871147
2025-02-27,24328.62350343886
2025-02-28,23828.60503283809
2025-03-02,23828.60503283809
2025-03-03,24089.57434035454
2025-03-04,24237.58189262171
2025-03-05,24785.387324488525
2025-03-06,25335.415571473433
2025-03-07,25710.46728629498
2025-03-09,25710.46728629498
2025-03-10,25968.617795102287
2025-03-11,26106.406474152245
2025-03-12,26760.25053749906
2025-03-13,27266.58354053157
2025-03-14,27757.17631459689
2025-03-16,27757.17631459689
2025-03-17,27969.073327203427
2025-03-18,27935.62868865589
2025-03-19,25748.737157261687
2025-03-20,25862.21996684606
2025-03-21,24296.941070558834
2025-03-23,24296.941070558834
2025-03-24,24889.06537951706
2025-03-25,25915.252348633956
2025-03-26,25800.49184934272
2025-03-27,25839.626525609816
2025-03-28,25953.13193313909
2025-03-30,25953.13193313909
2025-03-31,25953.13193313909
2025-04-01,25953.13193313909
2025-04-02,25802.005970002265
2025-04-03,26060.48021325065
2025-04-04,25915.0165841308
2025-04-06,25915.0165841308
2025-04-07,25875.466699664117
2025-04-08,26237.752314430938
2025-04-09,25576.52831326736
2025-04-10,25887.512939409684
2025-04-11,25906.14055149242
2025-04-13,25906.14055149242
2025-04-14,25777.281052509014
2025-04-15,25457.290307616648
2025-04-16,25141.190764179602
2025-04-17,25627.695030871433
2025-04-18,25393.045155992353
2025-04-20,25393.045155992353
2025-04-21,25513.13118861683
2025-04-22,25201.278986032543
2025-04-23,25201.278986032543
2025-04-24,25575.415300062945
2025-04-25,25283.27015751652
2025-04-27,25283.27015751652
2025-04-28,25123.011910547426
2025-04-29,25016.121532264387
2025-04-30,24749.75642664733
2025-05-01,24749.75642664733
2025-05-02,25073.768198108923
2025-05-04,25073.768198108923
2025-05-05,25219.514624732376
2025-05-06,25055.804106903477
2025-05-07,24988.36089410695
2025-05-08,25719.474461676713
2025-05-09,25980.97865220616
2025-05-11,25980.97865220616
2025-05-12,26647.411940478316
2025-05-13,26368.298082029676
2025-05-14,26215.87946766595
2025-05-15,26113.443861246134
2025-05-16,26290.009036965013
2025-05-18,26290.009036965013
2025-05-19,26290.009036965013
2025-05-20,25820.067231239613
2025-05-21,25621.345043646168
2025-05-22,25631.688078975196
2025-05-23,25480.860044270434
2025-05-25,25480.860044270434
2025-05-26,25552.85435221967
2025-05-27,25114.06501870861
2025-05-28,24879.704810359282
2025-05-29,24995.17556801943
2025-05-30,24641.337857684546
2025-06-01,24641.337857684546
2025-06-02,24226.952868496446
2025-06-03,24720.14776612429
2025-06-04,25050.950271381553
2025-06-05,25041.944418081286
2025-06-06,25041.944418081286
2025-06-08,25041.944418081286
2025-06-09,25041.944418081286
2025-06-10,25558.62887905544
2025-06-11,25524.3356550441
2025-06-12,25155.079708531983
2025-06-13,24703.77999802652
2025-06-15,24703.77999802652
2025-06-16,25040.462901273808
2025-06-17,24738.577459898777
2025-06-18,24512.231911974402
2025-06-19,24067.08612867807
2025-06-20,24513.47867390784
2025-06-22,24513.47867390784
2025-06-23,24292.23893711361
2025-06-24,25336.139443768712
2025-06-25,25577.5381336062
2025-06-26,25404.08154609404
2025-06-27,25710.889403788628
2025-06-29,25710.889403788628
2025-06-30,27083.278522949026
2025-07-01,27638.420797551356
2025-07-02,27700.94209344582
2025-07-03,27489.30797503016
2025-07-04,27672.8704247262
2025-07-06,27672.8704247262
2025-07-07,27180.502623579978
2025-07-08,26986.469670126447
2025-07-09,27400.350389434447
2025-07-10,27853.02664973118
2025-07-11,27908.049625471667
2025-07-13,27908.049625471667
2025-07-14,27676.915686979995
2025-07-15,27676.915686979995
2025-07-16,27582.162824934025
2025-07-17,28422.415308692234
2025-07-18,28536.728575945723
2025-07-20,28536.728575945723
2025-07-21,29348.39388743502
2025-07-22,29319.430684120016
2025-07-23,28914.364000189053
2025-07-24,29024.447500580798
2025-07-25,29029.49750608826
2025-07-27,29029.49750608826
2025-07-28,28824.49203508768
2025-07-29,28982.20089587791
2025-07-30,29219.15521922114
2025-07-31,29554.095290826008
2025-08-01,29819.371692588033
2025-08-03,29801.480069572477
2025-08-04,29806.639617418303
2025-08-05,29771.911426914456
2025-08-06,29532.677853334008
2025-08-07,29964.328519593528
2025-08-08,29910.396821535327
2025-08-10,29910.396821535327
2025-08-11,30136.739754264014
2025-08-12,29683.14216237129
2025-08-13,29602.799356149542
2025-08-14,29012.402890469668
2025-08-15,29115.174504114744
2025-08-17,29115.174504114744
2025-08-18,29066.723640952638
2025-08-19,29256.71493515502
2025-08-20,29824.34103422504
2025-08-21,30096.964505035023
2025-08-22,30033.881446317493
2025-08-25,30599.034035556273
